City_ID,City,Country,Max Temp,Current Description,Lat,Lng,Hotel Name
0,Punta Arenas,CL,50.11,light rain,-53.15,-70.9167,Hotel Hain
1,Puerto Ayora,EC,68.56,scattered clouds,-0.7393,-90.3518,Finch Bay Galapagos Hotel
2,Xuddur,SO,67.91,few clouds,4.1213,43.8894,Banjanay Hotel
4,Kruisfontein,ZA,61.88,clear sky,-34.0033,24.7314,Oyster Bay House Rental
6,Mataura,NZ,60.48,broken clouds,-46.1927,168.8643,Ellie's Villa
7,Cabo San Lucas,MX,74.52,clear sky,22.8909,-109.9124,Hotel Tesoro Los Cabos
8,Hermanus,ZA,59.81,clear sky,-34.4187,19.2345,Misty Waves Boutique Hotel
9,San Cristobal,VE,69.98,few clouds,7.7669,-72.225,Pirineos
11,Avarua,CK,78.85,overcast clouds,-21.2078,-159.775,Paradise Inn
12,Kaitangata,NZ,62.65,broken clouds,-46.2817,169.8464,
13,Yulara,AU,77.65,overcast clouds,-25.2406,130.9889,Desert Gardens Hotel - Ayers Rock Resort
14,Nisia Floresta,BR,79.18,overcast clouds,-6.0911,-35.2086,Rancho Crepusculo
15,Nokaneng,BW,72.88,overcast clouds,-19.6667,22.2667,
16,Russell,US,55.0,overcast clouds,32.3502,-85.1999,Macs
17,Rikitea,PF,73.69,light rain,-23.1203,-134.9692,People ThankYou
18,Arraial Do Cabo,BR,73.58,light rain,-22.9661,-42.0278,Pousada Porto Praia
20,Georgetown,MY,82.24,few clouds,5.4112,100.3354,Cititel Penang
21,Saint-Philippe,RE,74.79,overcast clouds,-21.3585,55.7679,Le four √† pain
24,East London,ZA,65.71,clear sky,-33.0153,27.9116,Tu Casa
27,Castro,BR,59.74,overcast clouds,-24.7911,-50.0119,CHACARA BAILLY
28,Hirara,JP,79.07,broken clouds,24.8,125.2833,Hotel Atoll Emerald Miyakojima
29,West Bay,KY,82.47,few clouds,19.3667,-81.4167,Calypso Cove
31,Karratha,AU,85.78,broken clouds,-20.7377,116.8463,ibis Styles Karratha
32,Bluff,NZ,60.8,broken clouds,-46.6,168.3333,Bluff Homestead - Guesthouse & Campervan Park
33,Yatsuo,JP,53.22,moderate rain,36.5667,137.1333,Âíå„ÅøÂá¶ ÂêàÊéå
36,Hambantota,LK,78.35,broken clouds,6.1241,81.1185,Bungalow 63
38,Bubaque,GW,83.19,overcast clouds,11.2833,-15.8333,"Casa Dora, Bubaque"
40,Atuona,PF,78.58,light rain,-9.8,-139.0333,Villa Enata
41,Hobart,AU,66.06,few clouds,-42.8794,147.3294,St Ives Hobart Accommodation Tasmania
44,Dong Xoai,VN,77.58,overcast clouds,11.5333,106.9167,Kh√°ch S·∫°n B√¨nh Ph∆∞·ªõc - Kh√°ch S·∫°n Ng·ªçc Lan
45,Busselton,AU,76.1,scattered clouds,-33.65,115.3333,Observatory Guest House
46,Namatanai,PG,85.59,broken clouds,-3.6667,152.4333,Seagulls Inn Namatani
50,Bambous Virieux,MU,76.21,broken clouds,-20.3428,57.7575,Casa Tia Villa
52,Port Alfred,ZA,62.19,clear sky,-33.5906,26.891,The Halyards Hotel & Spa
53,Sabla,NG,69.24,clear sky,12.7525,4.7077,
54,Bengkulu,ID,75.74,moderate rain,-3.8004,102.2655,Grage Hotel Bengkulu
55,Markala,ML,71.17,broken clouds,13.7021,-6.0659,H√¥tel Igor
56,Hasaki,JP,55.8,moderate rain,35.7333,140.8333,Inubosaki Kanko Hotel
59,Luwuk,ID,85.37,overcast clouds,-0.9516,122.7875,Hotel Santika Luwuk
62,Ankang,CN,55.45,overcast clouds,32.68,109.0172,ÂÆâÁê™ÈÖíÂ∫ó
65,Conakry,GN,81.12,overcast clouds,9.538,-13.6773,Riviera Royal Hotel
68,Meulaboh,ID,78.46,broken clouds,4.1363,96.1285,Kost Pria
70,Hithadhoo,MV,80.4,overcast clouds,-0.6,73.0833,Scoop Guest House
71,Butaritari,KI,81.59,light rain,3.0707,172.7902,Isles Sunset Lodge
72,Ponta Do Sol,PT,67.71,scattered clouds,32.6667,-17.1,
77,Tautira,PF,77.02,light rain,-17.7333,-149.15,Pension Oaoa
78,Vaini,TO,82.56,scattered clouds,-21.2,-175.2,Keleti Beach Resort
79,Bara,NG,67.03,clear sky,10.3744,10.7288,
80,Palmas De Monte Alto,BR,70.56,overcast clouds,-14.2672,-43.1619,RAVENA AUTO POSTO LTDA
81,Kingaroy,AU,82.22,overcast clouds,-26.5333,151.8333,Ascot Lodge Motel Kingaroy
83,Mar Del Plata,AR,57.94,clear sky,-38.0023,-57.5575,Gran Hotel Mar del Plata
84,Gushikawa,JP,73.4,moderate rain,26.3544,127.8686,Kirari Guest House
86,Hilo,US,78.53,scattered clouds,19.7297,-155.09,Hilo Hawaiian Hotel
89,Kavieng,PG,86.31,scattered clouds,-2.5744,150.7967,Nusa Island Retreat
90,Los Llanos De Aridane,ES,65.95,overcast clouds,28.6585,-17.9182,Valle Aridane
93,Huarmey,PE,65.7,clear sky,-10.0681,-78.1522,Hotel Miramar
99,Vanimo,PG,85.21,light rain,-2.6741,141.3028,Vahmoneh Lodge Vanimo
100,Eureka,US,57.25,overcast clouds,40.8021,-124.1637,Eureka Inn Trademark By Wyndham
105,Kaeo,NZ,74.32,clear sky,-35.1,173.7833,Bushido Lodge
106,Vao,NC,76.78,clear sky,-22.6667,167.4833,Hotel Kou-Bugny
108,Maceio,BR,72.84,scattered clouds,-9.6658,-35.7353,Hotel Ponta Verde Macei√≥
109,Bulalacao,PH,83.77,overcast clouds,12.3254,121.3435,By The Sea Hotels
110,Vila Velha,BR,75.15,light rain,-20.3297,-40.2925,Hotel Vit√≥ria Palace
114,Qui Nhon,VN,79.56,overcast clouds,13.7667,109.2333,Seagull Hotel
115,Ambilobe,MG,71.64,scattered clouds,-13.2,49.05,H√¥tel & Restaurant DIANA Ambilobe
118,Gat,IL,61.81,clear sky,31.61,34.7642,OlusHome
119,Esperance,AU,75.7,overcast clouds,-33.8667,121.9,Hospitality Esperance
120,Balclutha,NZ,67.59,broken clouds,-46.2339,169.75,Rosebank Lodge Motor Hotel
121,Adrar,MR,58.96,clear sky,20.5022,-10.0711,
122,Joura,IN,61.27,broken clouds,26.3411,77.8115,Shubh medical store joura
123,Codrington,AU,59.81,broken clouds,-38.2667,141.9667,
125,Isangel,VU,84.74,broken clouds,-19.55,169.2667,Tanna Lodge
127,Blackwater,AU,84.45,broken clouds,-23.5833,148.8833,Blackwater Motor Inn
128,Avera,US,54.37,overcast clouds,33.194,-82.5271,
129,Kapaa,US,82.38,broken clouds,22.0752,-159.319,Sheraton Kauai Coconut Beach Resort
130,Awjilah,LY,59.5,clear sky,29.1081,21.2869,
131,Guerrero Negro,MX,64.76,broken clouds,27.9769,-114.0611,"Casa Laguna, Bed & Breakfast"
136,Sijunjung,ID,81.97,overcast clouds,-0.6876,100.9537,Hotel Bukik Gadang
137,Olinda,BR,78.53,broken clouds,-8.0089,-34.8553,Flat Quatro Rodas Olinda
138,Birao,CF,71.2,scattered clouds,10.2849,22.7882,
139,Algiers,DZ,55.22,scattered clouds,36.7525,3.042,Sofitel Algiers Hamma Garden
143,Carnarvon,AU,76.51,clear sky,-24.8667,113.6333,Hospitality Carnarvon
144,Port Lincoln,AU,61.36,overcast clouds,-34.7333,135.8667,Port Lincoln Hotel
145,Christchurch,NZ,74.41,clear sky,-43.5333,172.6333,The George
146,Sambava,MG,72.1,overcast clouds,-14.2667,50.1667,Melrose
149,Mbaiki,CF,69.17,clear sky,3.8678,17.9892,Motel MBM
151,Mahebourg,MU,76.24,broken clouds,-20.4081,57.7,Shandrani Beachcomber Resort & Spa
153,Poum,NC,79.41,overcast clouds,-20.2333,164.0167,
157,Jamkhed,IN,67.21,scattered clouds,18.7362,75.3121,Ugale's Residence
158,Tayu,ID,83.37,moderate rain,-6.5397,111.0518,Toko pakaian bu is Tayu
159,Munirabad,IN,71.94,overcast clouds,15.3333,76.3333,Pranathi Tiffin Center
160,Port Augusta,AU,70.61,clear sky,-32.5,137.7667,Majestic Oasis Apartments
162,Pitrufquen,CL,57.22,overcast clouds,-38.9833,-72.65,El Amable Refugio
164,Kampot,KH,84.25,overcast clouds,10.6167,104.1833,Two Moons Hotel
168,Cape Town,ZA,61.12,clear sky,-33.9258,18.4232,"Radisson Blu Hotel Waterfront, Cape Town"
169,Lagunas,PE,75.67,overcast clouds,-5.2269,-75.6753,Hospedaje Eco
170,Flinders,AU,77.18,clear sky,-34.5833,150.8552,Shellharbour Resort & Conference Centre
171,New Norfolk,AU,65.71,few clouds,-42.7826,147.0587,The Shingles Riverside Cottages
172,Voh,NC,87.87,overcast clouds,-20.9667,164.7,Le g√Æte du Koniambo
173,Lebu,CL,56.71,overcast clouds,-37.6167,-73.65,Hostal Las Lilas
175,Rawson,AR,72.7,overcast clouds,-43.3002,-65.1023,Hosteria Sampedro
176,Bandarbeyla,SO,75.94,overcast clouds,9.4942,50.8122,JABIR HOTEL
178,Kieta,PG,86.59,scattered clouds,-6.2167,155.6333,Uruna Bay Retreat
179,Sungairaya,ID,86.43,broken clouds,0.7,108.9,Rumah Kuku Moimoi Shelly
181,Teahupoo,PF,78.76,overcast clouds,-17.8333,-149.2667,Vanira Lodge
183,Rio Grande,BR,64.15,broken clouds,-32.035,-52.0986,Hotel Atl√¢ntico Rio Grande
185,Bayir,TR,52.32,overcast clouds,37.2687,28.2167,Hotel Babadag
187,Rosetta,EG,65.7,clear sky,31.4044,30.4164,Green Valley
189,Goure,NE,64.63,clear sky,13.9835,10.2704,
190,Pocone,BR,76.05,overcast clouds,-16.2567,-56.6228,Hotel e Churrascaria Pantaneira
191,Tuatapere,NZ,62.26,overcast clouds,-46.1333,167.6833,Ron and Tony's Bed & Breakfast
192,Kawambwa,ZM,60.66,light rain,-9.7915,29.0791,Chembe Nsofu
195,Itaguai,BR,74.82,clear sky,-22.8522,-43.7753,It Grande Hotel Itaguai
200,Vila Franca Do Campo,PT,64.81,overcast clouds,37.7167,-25.4333,Pestana Bahia Praia
202,Maldonado,UY,54.79,clear sky,-34.6667,-54.9167,La Cimarrona
204,Qinzhou,CN,69.46,overcast clouds,21.95,108.6167,Jinjiang Inn Style Qingzhou Walmart
206,Lufkin,US,51.71,broken clouds,31.3382,-94.7291,Courtyard by Marriott Lufkin
207,Port Elizabeth,ZA,64.69,clear sky,-33.918,25.5701,39 On Nile Guest House
208,Puebloviejo,CO,82.04,scattered clouds,10.9938,-74.2844,The Journey Hostel
210,Port Macquarie,AU,77.9,clear sky,-31.4333,152.9167,Rydges Port Macquarie
211,Grand Gaube,MU,76.37,clear sky,-20.0064,57.6608,Veranda Paul et Virginie Hotel & Spa
213,Victoria,HK,77.38,overcast clouds,22.2855,114.1577,Mini Central
217,Ribeira Grande,PT,61.77,overcast clouds,38.5167,-28.7,Quinta da Meia Eira
219,Sola,VU,83.34,scattered clouds,-13.8833,167.55,Leumerus Bungalows
221,Port Blair,IN,81.1,overcast clouds,11.6667,92.75,"Welcomhotel By ITC Hotels, Port Blair - Premium Hotel Near the Airport | Idyllic Island Experience Vacation"
222,Fukue,JP,64.76,broken clouds,32.6881,128.8419,Goto Guesthouse Utojuku & SA Car Rental
224,Boa Vista,BR,78.78,scattered clouds,2.8197,-60.6733,Aipana Plaza Hotel
225,Anamur,TR,62.49,clear sky,36.0751,32.8369,Luna Piena Beach Hotel
228,Fethiye,TR,53.47,few clouds,36.6217,29.1164,Club & Hotel Letoonia
230,Havelock,US,58.98,broken clouds,34.8791,-76.9013,Sherwood Motel
232,Lata,PT,62.08,overcast clouds,40.1629,-8.3327,Terra√ßos da Beira
234,Duki,PK,50.77,clear sky,30.1541,68.5728,ŸÖÿßÿ≥Ÿπÿ± ÿ±ÿ¥€åÿØ ŸÖÿ±ÿ≠ŸàŸÖ
236,Muros,ES,63.09,light rain,42.7762,-9.0603,Apartment Av. Castelao
238,Beloha,MG,67.14,clear sky,-25.1667,45.05,
239,Gorontalo,ID,88.95,overcast clouds,0.5412,123.0595,Maqna Hotel by Prasanthi
240,Manokwari,ID,83.82,light rain,-0.8667,134.0833,Swiss Belhotel Manokwari
241,Jacareacanga,BR,73.22,overcast clouds,-6.2222,-57.7528,Casa do Ianüòé
243,Katsuura,JP,57.22,light rain,35.1333,140.3,Katsuura Hotel Mikazuki
244,Chuy,UY,57.9,broken clouds,-33.6971,-53.4616,Nuevo Hotel Plaza
246,Natal,BR,79.02,scattered clouds,-5.795,-35.2094,Villa Park Hotel | Natal
247,Ancud,CL,55.56,light rain,-41.8697,-73.8203,Hotel Arena Gruesa
248,Trincomalee,LK,76.5,broken clouds,8.5711,81.2335,Welcombe Hotel
250,Along,IN,62.42,clear sky,28.1667,94.7667,Hotel West
251,Guhagar,IN,74.35,overcast clouds,17.4842,73.1929,Seawinds Hotel Guhagar
252,Chabahar,IR,73.92,broken clouds,25.2919,60.643,Ÿáÿ™ŸÑ ⁄ØÿØÿ±Ÿàÿ¥€åÿß
254,Antalaha,MG,70.54,overcast clouds,-14.9003,50.2788,Hotel Vitasoa
257,San Juan,AR,77.13,clear sky,-31.5375,-68.5364,Hotel Provincial
258,Upata,VE,69.26,clear sky,8.0086,-62.3989,Posada Villa Nela
260,Kendari,ID,86.56,moderate rain,-3.945,122.4989,Hotel Wixel
261,Northam,GB,50.25,overcast clouds,51.0333,-4.2167,
262,Papara,BR,79.2,few clouds,-3.9839,-38.7273,CAMPOS MARANGUAPE
265,Pimenta Bueno,BR,71.78,light rain,-11.6725,-61.1936,Cristalina Palace Hotel
266,Concordia,AR,56.79,clear sky,-31.393,-58.0209,Palmar Hotel Casino
269,Shenjiamen,CN,61.36,overcast clouds,29.9576,122.298,Jinjiang Inn Zhoushan Putuo Shenjiamen
270,Lorengau,PG,82.74,overcast clouds,-2.0226,147.2712,Lorengau Harbourside Hotel
271,Araouane,ML,67.05,broken clouds,18.9048,-3.5265,
274,Basoko,CD,68.65,light rain,1.2391,23.616,
275,Merauke,ID,86.67,overcast clouds,-8.4667,140.3333,
277,Faya,SA,51.91,clear sky,18.3851,42.4509,ÿ¥ŸäŸÑÿ© ŸÜÿ≥ÿßŸäŸÖ
278,Luebo,CD,68.09,overcast clouds,-5.35,21.4167,
279,Jambi,ID,77.94,overcast clouds,-1.6,103.6167,ASTON Jambi Hotel & Conference Center
281,Wawa,NG,73.06,clear sky,9.9022,4.4192,
282,Yenagoa,NG,75.33,clear sky,4.9247,6.2642,Aridolf Resort Wellness and Spa
284,Faanui,PF,80.73,few clouds,-16.4833,-151.75,Bora-Bora Pearl Beach Resort & Spa
286,Bathsheba,BB,81.21,scattered clouds,13.2167,-59.5167,Atlantis Hotel
287,Sao Joao Da Barra,BR,73.87,overcast clouds,-21.6403,-41.0511,Pousada Porto De Canoas
288,Puerto Escondido,MX,81.43,scattered clouds,15.85,-97.0667,Aldea del Bazar Hotel and Spa
289,Noumea,NC,84.18,clear sky,-22.2763,166.4572,H√¥tel Le Lagon
290,Atambua,ID,83.07,broken clouds,-9.1061,124.8925,Ros Muskanan
291,Kahului,US,80.62,scattered clouds,20.8947,-156.47,Maui Seaside Hotel
292,Dingle,PH,84.87,scattered clouds,10.9995,122.6711,SEGAYA PROPERTY
293,Inhambane,MZ,73.0,clear sky,-23.865,35.3833,Oceano
294,Omboue,GA,76.48,overcast clouds,-1.5746,9.2618,Hotel Olako
296,Ucluelet,CA,50.09,few clouds,48.9329,-125.5528,Black Rock Oceanfront Resort
299,San Patricio,US,53.91,overcast clouds,28.017,-97.5169,"Motel 6 Sinton, TX"
300,Aswan,EG,70.34,few clouds,24.0934,32.907,Nuba Nile
302,Trinidad,BO,74.62,overcast clouds,-14.8333,-64.9,Hotel Piesta
303,Ballina,AU,81.01,overcast clouds,-28.8667,153.5667,Ramada Hotel & Suites by Wyndham Ballina Byron
304,Concarneau,FR,60.82,overcast clouds,47.875,-3.9225,Brit Hotel de L' Oc√©an
305,Naze,JP,68.92,moderate rain,28.3667,129.4833,
306,Coihaique,CL,57.15,broken clouds,-45.5752,-72.0662,Diego De Almagro Coyhaique
307,Sydney,AU,81.32,clear sky,-33.8679,151.2073,The Grace Sydney
309,Okato,NZ,59.68,scattered clouds,-39.2,173.8833,Goodin Country Garden
310,La Tebaida,CO,67.77,scattered clouds,4.4527,-75.7875,El Tri√°ngulo
311,Manado,ID,88.57,few clouds,1.487,124.8455,Aryaduta Hotel
312,Bahraich,IN,59.43,scattered clouds,27.5833,81.6,Narain Guest House
313,Souillac,MU,71.98,broken clouds,-20.5167,57.5167,
315,Mana,GF,78.82,overcast clouds,5.6592,-53.7767,LE SAMANA
316,Luena,AO,60.15,overcast clouds,-11.7833,19.9167,Hotel Kandamba
317,Cayenne,GF,75.24,clear sky,4.9333,-52.3333,H√¥tel Le Dronmi
319,Bredasdorp,ZA,58.59,clear sky,-34.5322,20.0403,Bredasdorp Country Manor
320,Sao Filipe,CV,79.27,scattered clouds,14.8961,-24.4956,Hotel Xaguate
321,La Palma,US,66.81,clear sky,33.8464,-118.0467,La Quinta Inn & Suites by Wyndham Buena Park
322,Port-Gentil,GA,79.09,overcast clouds,-0.7193,8.7815,Fengshui Residence
323,Soria,ES,51.12,overcast clouds,41.6667,-2.6667,Casa Rural Sierra de Inodejo
324,Saldanha,ZA,59.56,clear sky,-33.0117,17.9442,Blue Bay Lodge
325,Ahipara,NZ,65.44,clear sky,-35.1667,173.1667,Ahipara Holiday Park
326,Ladario,BR,73.44,broken clouds,-19.0047,-57.6017,Hotel Fazenda 4 cantos
327,Pedernales,DO,78.93,clear sky,18.0384,-71.744,Hotel Costa Marina
329,Fortuna,US,56.93,overcast clouds,40.5982,-124.1573,Super 8 by Wyndham Fortuna
330,Tual,ID,84.69,broken clouds,-5.6667,132.75,Grand Vilia Hotel
331,Inhuma,BR,78.84,scattered clouds,-6.6683,-41.7078,Bom Gosto
333,Makakilo City,US,80.92,clear sky,21.3469,-158.0858,Marriott's Ko Olina Beach Club
334,Benghazi,LY,68.23,overcast clouds,32.1167,20.0667,Tibesti Hotel
338,Sonoita,MX,63.54,overcast clouds,31.85,-112.8333,Hotel internacional
340,Shimoda,JP,57.56,moderate rain,34.6667,138.95,Shimoda Tokyu Hotel
341,Comodoro Rivadavia,AR,69.66,clear sky,-45.8667,-67.5,Austral Hotel
342,Redlands,US,64.33,clear sky,34.0556,-117.1825,Dynasty Suites Redlands
343,Pelham,US,53.4,clear sky,33.2857,-86.81,Birmingham South RV Park
344,Samarai,PG,85.91,scattered clouds,-10.6167,150.6667,Nuli Sapi
348,Jalu,LY,59.56,clear sky,29.0331,21.5482,ÿµÿßÿ≠ÿ®ÿ© ÿßŸÑŸÅÿÆÿßŸÖÿ©
350,Mogadishu,SO,79.65,overcast clouds,2.0371,45.3438,Hotel Juba
352,Half Moon Bay,US,59.45,clear sky,37.4636,-122.4286,"The Ritz-Carlton, Half Moon Bay"
353,Marzuq,YE,58.73,clear sky,14.4,46.4667,ÿ≠ŸäÿØ ÿßŸÑŸÇŸÅŸÑÿ©
354,Macapa,BR,82.38,broken clouds,0.0389,-51.0664,Atalanta Hotel
355,Yeppoon,AU,87.58,broken clouds,-23.1333,150.7333,Villa Mar Colina
356,Marsh Harbour,BS,78.78,overcast clouds,26.5412,-77.0636,Abaco Beach Resort
359,Naron,ES,63.45,overcast clouds,43.5167,-8.1528,Marcial
360,Portland,US,52.81,mist,45.5234,-122.6762,Embassy Suites by Hilton Portland Downtown
361,Umm Lajj,SA,79.25,broken clouds,25.0213,37.2685,Moon light Furnished Units
363,Acarau,BR,79.12,scattered clouds,-2.8856,-40.12,castelo pizzaria
364,Baracoa,CU,79.03,broken clouds,20.3467,-74.4958,Hostal Rio Miel
369,Salalah,OM,75.29,few clouds,17.0151,54.0924,"HAMDAN PLAZA HOTEL SALALAH, an HTG Hotel"
370,Adre,TD,68.09,scattered clouds,13.4667,22.2,
371,Ponta Delgada,PT,65.12,broken clouds,37.7333,-25.6667,Vila Nova Hotel
374,Gladstone,AU,84.13,broken clouds,-23.85,151.25,Highpoint International Hotel
375,Seara,PT,62.17,light rain,41.1818,-7.8003,Six Senses Douro Valley
377,Kasama,ZM,62.6,broken clouds,-10.2129,31.1808,Kalebalika Cottages
379,Banikoara,BJ,70.79,clear sky,11.2985,2.4386,H√¥tel de l'UCom CVPC
380,Galle,LK,79.79,broken clouds,6.0367,80.217,Amangalla
383,Ganta,LR,68.43,clear sky,7.3022,-8.5308,
384,Dharur,IN,64.13,overcast clouds,18.8167,76.1167,Hotel Rajmahal
385,Chingola,ZM,62.02,light rain,-12.529,27.8838,Protea Hotel by Marriott Chingola
386,Ipora,BR,71.15,overcast clouds,-16.4419,-51.1178,O√°sis Motel
387,Tome,CL,57.81,few clouds,-36.6167,-72.95,Hotel Saint Denis
390,Ixtapa,MX,75.22,clear sky,20.7,-105.2,hotel la terminal
391,Iranshahr,IR,53.94,few clouds,27.2025,60.6848,ŸÜ€å⁄© ÿ≥ÿ±ÿ¥ÿ™
392,Pisco,PE,66.25,clear sky,-13.7,-76.2167,Hotel San Isidro Oficial
394,Lagoa,PT,60.42,overcast clouds,39.05,-27.9833,Casa Das Faias
396,Youkounkoun,GN,72.34,overcast clouds,12.5333,-13.1333,
397,Tura,IN,66.02,clear sky,25.5198,90.2201,Hotel RIKMAN Continental
398,Kununurra,AU,85.98,scattered clouds,-15.7667,128.7333,Hotel Kununurra
399,Cidreira,BR,67.89,overcast clouds,-30.1811,-50.2056,Hotel Castelo
401,Itarema,BR,78.94,scattered clouds,-2.9248,-39.9167,"Sea Lounge! Bar, Club & Restaurant"
402,Katobu,ID,86.61,moderate rain,-4.9408,122.5276,La Ode Husein
403,Alexandria,EG,66.18,clear sky,31.2156,29.9553,ŸÅŸÜÿØŸÇ ŸÇÿßÿπŸàÿØ
405,Hobyo,SO,79.29,scattered clouds,5.3505,48.5268,Halane Hotel and Restaurent
407,Puerto Suarez,BO,75.13,overcast clouds,-18.95,-57.8,Hotel casa real
408,Ghanzi,BW,74.82,overcast clouds,-21.5667,21.7833,Ghanzi Farmhouse
409,Boffa,GN,73.51,broken clouds,10.1667,-14.0333,H√¥tel Niara Belly
410,Tiznit,MA,60.31,clear sky,29.5833,-9.5,
413,Taltal,CL,62.91,scattered clouds,-25.4,-70.4833,Residencial Karime
414,Ejido,VE,63.91,few clouds,8.5514,-71.2375,Bora Bora Nails & Spa C.A.
415,Lompoc,US,61.59,clear sky,34.6391,-120.4579,"Holiday Inn Express Lompoc, an IHG Hotel"
417,Ikalamavony,MG,64.85,clear sky,-21.15,46.5833,
418,Farias Brito,BR,79.48,scattered clouds,-6.9306,-39.5656,Nossa Casa Hotel
419,Broken Hill,AU,68.58,clear sky,-31.95,141.4333,Royal Exchange Hotel
420,Naisud,PH,84.13,overcast clouds,11.8058,122.1939,ALTUQUERO
422,Cam Ranh,VN,82.36,few clouds,11.9214,109.1591,OYO 598 Peony Hotel
423,Kassala,SD,75.34,clear sky,15.451,36.4,Amassi Hotel Gash
424,Bocas Del Toro,PA,78.75,few clouds,9.3333,-82.25,Hotel Bocas del Toro
425,Zhuji,CN,62.96,overcast clouds,29.7188,120.2423,YaoJiang New Century Grand Hotel Zhuji
426,Grand-Santi,GF,75.09,overcast clouds,4.25,-54.3833,Hotel La Villa Couacou
427,Dano,BF,74.19,few clouds,11.15,-3.0667,Auberge Phenix32-Dano
430,Berbera,SO,77.09,clear sky,10.4396,45.0143,IBCO REAL ESTATE PROPERTY
431,Concepcion Del Oro,MX,59.13,broken clouds,24.6333,-101.4167,Hotel Hacienda San Javier
432,Coquimbo,CL,60.53,overcast clouds,-29.9533,-71.3436,Hotel San Juan
433,Coihueco,CL,68.74,clear sky,-36.6167,-71.8333,"Frutillares, Coihueco"
435,San Andres,CO,80.62,light rain,12.5847,-81.7006,Hotel Arena Blanca
437,Salinopolis,BR,80.02,few clouds,-0.6136,-47.3561,Salinas Park Resort Ma√ßarico AP101
438,Itupiranga,BR,79.12,overcast clouds,-5.1347,-49.3267,Hotel Panorama
440,Kulhudhuffushi,MV,80.58,broken clouds,6.6221,73.07,Haajy Guest House 1
442,Kailua,US,82.38,scattered clouds,21.4022,-157.7394,Sheffield House Bed & Breakfast
443,Cuamba,MZ,71.49,scattered clouds,-14.8031,36.5372,Hotel Vision
445,Pokhara,NP,61.12,clear sky,28.2333,83.9833,OYO 170 Hotel View Point
447,Ban Nahin,LA,82.87,overcast clouds,18.2418,104.2122,
450,Pacific Grove,US,58.64,clear sky,36.6177,-121.9166,Lovers Point Inn
451,Kavaratti,IN,79.54,broken clouds,10.5669,72.642,Green leaf
452,Fiumicino,IT,51.78,light rain,41.7675,12.2291,Hotel Al Porticciolo
453,Auki,SB,87.26,scattered clouds,-8.7676,160.7034,Auki Motel
455,Nakhon Phanom,TH,84.0,overcast clouds,17.3333,104.4167,‡∏õ‡πà‡∏≤‡∏¢‡∏≤‡∏á‡∏£‡∏µ‡∏™‡∏≠‡∏£‡πå‡∏ó
456,Ormara,PK,74.61,broken clouds,25.2088,64.6357,Kenara Colony House for Rent
458,Dunedin,NZ,58.5,overcast clouds,-45.8742,170.5036,Scenic Hotel Southern Cross
459,Doctor Phillips,US,70.07,overcast clouds,28.4495,-81.4923,Drury Inn & Suites near Universal Orlando Resort‚Ñ¢
461,Marondera,ZW,60.62,overcast clouds,-18.1853,31.5519,Mashonganyika Cottage
462,Beni,CD,60.35,overcast clouds,0.5,29.4667,Albertine hotel
463,Padang,ID,75.25,light rain,-0.9492,100.3543,Mercure Padang
466,Praia Da Vitoria,PT,61.05,broken clouds,38.7333,-27.0667,Hotel Branco I
467,San Vicente,AR,60.93,broken clouds,-26.6167,-54.1333,Complejo Tur√≠stico Farelluk
470,Champerico,GT,80.58,overcast clouds,14.3,-91.9167,"Hotel y restaurante ""El Diamante"""
471,Witu,KE,74.66,light rain,-2.3889,40.4382,
473,Coari,BR,72.86,overcast clouds,-4.085,-63.1414,Dellrey Hotel Center
474,Touros,BR,79.3,overcast clouds,-5.1989,-35.4608,INN NEW HORIZON
475,Caravelas,BR,71.82,overcast clouds,-17.7125,-39.2481,Pousada dos Navegantes
476,Plouzane,FR,55.45,light rain,48.3833,-4.6167,Lymina
478,Airai,TL,72.61,broken clouds,-8.9266,125.4092,
479,Corinth,GR,60.89,overcast clouds,37.9407,22.9573,Ephira Hotel
480,Dori,BF,74.86,overcast clouds,14.0354,-0.0345,H√¥tel Liptako
483,Port Hedland,AU,86.05,overcast clouds,-20.3167,118.5667,The Esplanade Hotel
485,Magole,TZ,71.56,light rain,-6.3667,37.3667,Juma lubelwa
490,Orikum,AL,59.77,light rain,40.3253,19.4714,Hotel Denta
491,Doctor Arroyo,MX,57.16,scattered clouds,23.6667,-100.1833,Hotel Plaza
492,Presidencia Roque Saenz Pena,AR,62.46,clear sky,-26.7852,-60.4388,Hotel Gualok
493,Laguna,US,56.17,clear sky,38.421,-121.4238,"Holiday Inn Express & Suites Elk Grove Central - Hwy 99, an IHG Hotel"
498,Erechim,BR,61.32,overcast clouds,-27.6342,-52.2739,Villa Premium Hotel
500,Sarakhs,IR,51.94,clear sky,36.5449,61.1577,ŸÖŸáŸÖÿßŸÜ ÿ≥ÿ±ÿß€å ÿ¥ÿ±⁄©ÿ™ ⁄Øÿßÿ≤
501,Harper,LR,77.49,light rain,4.375,-7.7169,Screensaver
503,Barranca,PE,65.05,clear sky,-10.75,-77.7667,El Olivar Hospedaje
504,Bosaso,SO,73.38,clear sky,11.2842,49.1816,Red Sea Hotel
507,Jining,CN,53.83,clear sky,35.405,116.5814,Yunhe Star Hotel
509,Acapulco,MX,80.42,scattered clouds,16.8634,-99.8901,HS Hotsson Smart Acapulco
510,Arlit,NE,70.32,overcast clouds,18.7369,7.3853,
511,Sigiriya,LK,75.11,scattered clouds,7.9518,80.7426,Hotel Sigiriya
515,Pochutla,MX,76.82,broken clouds,15.7432,-96.4661,Hotel Posada San Jose
516,Ardakan,IR,52.86,clear sky,32.31,54.0175,Ardakan Hotel
517,Gold Coast,AU,80.24,overcast clouds,-28.0,153.4333,Mantra Towers of Chevron Surfers Paradise
519,Rincon,US,60.76,overcast clouds,32.296,-81.2354,Days Inn Rincon
520,Waipawa,NZ,65.64,clear sky,-41.4122,175.5153,Tora Coastal Walk
521,Springbok,ZA,55.51,clear sky,-29.6643,17.8865,Undulata Country Lodge
522,Dakar,SN,79.68,clear sky,14.6937,-17.4441,Novotel Dakar
523,Bhadasar,IN,60.03,clear sky,28.2833,74.3167,OMPRAKASH JAKHAR
532,Hede,CN,58.33,broken clouds,33.7681,120.2517,Vienna 3 Best Hotel Sheyang Jiefang Rd
533,Barbosa Ferraz,BR,66.88,clear sky,-24.03,-52.0117,Edicula Sanches
535,Hervey Bay,AU,75.74,broken clouds,-25.2986,152.8535,Shelly Bay Resort
536,Santa Isabel Do Rio Negro,BR,73.17,broken clouds,-0.4139,-65.0192,Hotel GSA
539,Kualakapuas,ID,86.86,overcast clouds,-3.0091,114.3876,Guest House Izonk
540,Hualmay,PE,65.32,scattered clouds,-11.0964,-77.6139,Hotel Villa Kitzia Huacho
541,Catarama,EC,79.14,overcast clouds,-1.5833,-79.4667,Hotel Ricaurte
542,Weligama,LK,78.73,scattered clouds,5.9667,80.4167,Weligama Bay Resort
543,Dali,CN,56.35,scattered clouds,25.7,100.1833,Dali Travelling With Hostel
547,Oranjestad,AW,80.91,few clouds,12.524,-70.027,Divi Village Golf & Beach Resort
550,Dahanu,IN,68.43,broken clouds,19.9667,72.7333,Pearline Beach Villas
551,Kabanjahe,ID,68.61,overcast clouds,3.1001,98.4908,Kos-Kosan wanita muslim bagoes kabanjahe
553,Ivybridge,GB,52.27,overcast clouds,50.3904,-3.9191,The Anchor Inn
554,Cockburn Town,TC,81.37,light rain,21.4612,-71.1419,Osprey Beach Hotel
557,Innisfail,AU,87.44,broken clouds,-17.5333,146.0333,Moondarra Motel
558,Kariba,ZW,72.86,overcast clouds,-16.5167,28.8,Caribbea Bay Hotel
560,Lingao,CN,78.8,overcast clouds,19.9103,109.6859,Lingao Ditai Inn
561,Quatre Cocos,MU,76.08,clear sky,-20.2078,57.7625,Sunrise Attitude Hotel
563,Keningau,MY,85.23,broken clouds,5.3378,116.1602,Sabindo Hotel
564,Lodwar,KE,81.68,overcast clouds,3.1191,35.5973,Solmar Gracious Hotel
565,Marawi,PH,80.26,overcast clouds,7.9986,124.2928,Derogongan Residence
566,Amapa,BR,72.05,overcast clouds,1.0,-52.0,
567,Sakakah,SA,65.77,overcast clouds,29.9697,40.2064,Fakhamat Al Orjoana Apartment
568,Mabaruma,GY,72.99,scattered clouds,8.2,-59.7833,Monty Brooms Guest House
570,Cabra,ES,56.16,overcast clouds,37.4725,-4.4421,MS Fuente Las Piedras
573,Edd,ER,81.52,clear sky,13.9297,41.6925,
574,Asyut,EG,61.25,clear sky,27.181,31.1837,ŸÅŸÜÿØŸÇ ŸÖŸäÿ≥ ÿ•Ÿäÿ¨Ÿäÿ®ÿ™ Miss Egypt Hotel
576,Manbij,SY,53.55,clear sky,36.5281,37.9549,Manbej City Hotel
577,Planaltina,BR,65.77,overcast clouds,-15.4528,-47.6142,Afrodite Motel Planaltina GO
578,Tsabong,BW,71.89,clear sky,-26.0217,22.401,Springbok Motel
580,Nantucket,US,50.11,clear sky,41.2835,-70.0995,Jared Coffin House
583,Emerald,AU,85.33,broken clouds,-23.5333,148.1667,Emerald Inn
585,Nouadhibou,MR,69.78,clear sky,20.931,-17.0347,El Medina
587,Guarapari,BR,72.9,overcast clouds,-20.6667,-40.4975,Hotel Porto do Sol
588,Missao Velha,BR,79.29,few clouds,-7.2497,-39.1431,
589,Bataipora,BR,71.1,broken clouds,-22.2953,-53.2711,Hotel Vale do Ivinhema
590,Waddan,LY,55.26,few clouds,29.1614,16.139,ŸÖÿ≠ŸÑ ÿßŸÑÿ¥ÿ±ŸäŸÅ ŸÖÿ≠ŸÖÿØ ÿßŸÑÿπÿßŸäÿ®
591,Mecca,SA,75.94,clear sky,21.4267,39.8261,"Makkah Clock Royal Tower, A Fairmont Hotel"
592,Qesarya,IL,60.35,clear sky,32.5189,34.9046,Dan Caesarea Resort - Happiness Is Around
593,Sakaraha,MG,66.9,clear sky,-22.9,44.5333,Le Relais
596,Aloleng,PH,85.26,overcast clouds,16.1307,119.7824,Aloleng
598,San Quintin,MX,61.57,broken clouds,30.4833,-115.95,Don Eddie's Sport Fishing Center
599,Tateyama,JP,57.13,light intensity shower rain,34.9833,139.8667,Tateyama Seaside Hotel
600,Alta Floresta,BR,70.95,broken clouds,-9.8756,-56.0861,Floresta Amazonica Hotel
601,Coahuayana,MX,75.81,clear sky,18.7333,-103.6833,El rranchito michuacan de ocampos
606,Darnah,LY,62.01,broken clouds,32.767,22.6367,ŸÅŸÜÿØŸÇ ÿßŸÑŸÅÿ±ÿØŸàÿ≥
607,Alofi,NU,82.29,scattered clouds,-19.0595,-169.9187,Taloa Heights
610,Orange,US,66.65,clear sky,33.7,-117.7675,Meadows
611,Najran,SA,54.25,clear sky,17.4924,44.1277,ŸÖÿ≠ŸÖÿØ ŸáÿßÿØŸä ÿßŸÑ ŸÅÿ∑Ÿäÿ≠
612,Dalian,CN,53.53,scattered clouds,38.9122,121.6022,Kempinski Hotel Dalian
614,Gaoual,GN,70.57,overcast clouds,11.75,-13.2,Hotel koliba
615,Boyolangu,ID,81.5,light rain,-8.1181,111.8935,Yos ega cv
616,Amahai,ID,87.69,broken clouds,-3.3333,128.9167,HOTEL ISABELA
617,Balkanabat,TM,63.61,overcast clouds,39.5108,54.3671,Nebitchi Hotel
618,Xinye,CN,57.11,clear sky,32.5186,112.3522,Lijing International Hotel
619,Pattaya,TH,86.5,overcast clouds,12.9333,100.8833,Amari Pattaya
620,Maragogi,BR,75.43,few clouds,-9.0122,-35.2225,Salinas do Maragogi All Inclusive Resort
622,Laredo,US,52.09,mist,27.5064,-99.5075,La Quinta Inn by Wyndham Laredo I-35
627,Yanam,IN,77.76,overcast clouds,16.7333,82.2167,The Regency Hotel
628,Tecoanapa,MX,79.14,clear sky,16.5167,-98.75,Hotel Manglares
630,Wanning,CN,80.62,few clouds,18.8003,110.3967,Paradise Hotel
631,Marovoay,MG,75.88,clear sky,-16.1,46.6333,H√¥tel les Oliviers Marovoay
632,Manakara,MG,71.55,light rain,-22.1333,48.0167,La Residence Manakara
635,Itoman,JP,73.42,mist,26.1247,127.6694,Southern Beach Hotel & Resort Okinawa
636,Mier,MX,52.05,overcast clouds,26.4333,-99.15,Mier 09
637,Kathmandu,NP,50.22,mist,27.7167,85.3167,Hotel Shanker Kathmandu
639,Benidorm,ES,69.42,overcast clouds,38.5382,-0.131,
640,Sucua,EC,69.93,moderate rain,-2.4667,-78.1667,Finca el Piura
641,Contamana,PE,72.84,overcast clouds,-7.3333,-75.0167,Shiringal Touristic Park
642,Gigmoto,PH,82.26,overcast clouds,13.7796,124.39,Cj's Travellers Inn
643,Lake City,US,62.65,overcast clouds,30.1897,-82.6393,Ramada Limited Lake City
646,Paoua,CF,67.6,clear sky,7.2427,16.4406,Quartier Paoua Elien
647,Barstow,US,52.79,clear sky,34.8986,-117.0228,"Motel 6 Barstow, CA"
649,Victoria Point,AU,82.9,overcast clouds,-27.5833,153.3,Bay Retreat Motel
651,Wum,CM,63.97,clear sky,6.3833,10.0667,Wum Council Hall
652,Turan,VN,80.58,broken clouds,16.0678,108.2208,Grand Mercure Danang
653,Nang Rong,TH,73.94,overcast clouds,14.6377,102.7914,Phanomrungpuri Boutique Hotels & Resorts
655,Panama City,PA,79.38,broken clouds,8.9936,-79.5197,Trump International Hotel & Tower Panama
656,Ilabaya,PE,64.4,overcast clouds,-17.4208,-70.5133,
659,Biloela,AU,81.32,broken clouds,-24.4167,150.5,
660,Gunjur,GM,68.07,clear sky,13.2019,-16.7339,Jallo Kurundingoto Eco Tourist Camp
662,Sorada,IN,73.0,broken clouds,19.75,84.4333,PWD Guest House
664,Manzanillo,CU,76.89,overcast clouds,20.3433,-77.1167,"HOSTAL ""THE YELLOW HOUSE"""
665,Arraias,BR,69.01,overcast clouds,-12.9288,-46.9437,Hotel Jap√£o
667,Lishui,CN,62.76,overcast clouds,28.4604,119.9103,Bayi Hotel
668,Yantzaza,EC,67.44,light rain,-3.8278,-78.7594,HOTEL ALEJANDRO YANTZAZA
669,Agadez,NE,62.73,overcast clouds,19.75,10.25,
670,Miramar,US,78.01,clear sky,25.9873,-80.2323,Stadium Hotel
671,Panzhihua,CN,60.26,scattered clouds,26.5851,101.7128,Electric Power Hotel
675,Gorom-Gorom,BF,75.07,overcast clouds,14.4439,-0.2361,
676,Valparaiso,CL,55.04,clear sky,-33.0393,-71.6273,Hotel Ultramar
678,Bijie,CN,52.97,overcast clouds,27.3125,105.2942,Four Points by Sheraton Bijie
679,Bowen,AU,82.33,light rain,-20.0167,148.2333,Castle Motor Lodge Motel
