City_ID,City,Country,Lat,Lng,Max Temp,Humidity,Cloudiness,Wind Speed,Current Description
0,Punta Arenas,CL,-53.15,-70.9167,50.11,62,20,18.41,light rain
1,Puerto Ayora,EC,-0.7393,-90.3518,68.56,97,48,1.01,scattered clouds
2,Xuddur,SO,4.1213,43.8894,67.91,85,12,11.07,few clouds
3,Fort Nelson,CA,58.8053,-122.7002,25.95,83,3,4.41,clear sky
4,Kruisfontein,ZA,-34.0033,24.7314,61.88,90,3,4.61,clear sky
5,Albany,US,42.6001,-73.9662,36.3,71,10,4.18,clear sky
6,Mataura,NZ,-46.1927,168.8643,60.48,32,59,8.79,broken clouds
7,Cabo San Lucas,MX,22.8909,-109.9124,74.52,75,0,6.91,clear sky
8,Hermanus,ZA,-34.4187,19.2345,59.81,76,4,5.55,clear sky
9,San Cristobal,VE,7.7669,-72.225,69.98,97,22,1.86,few clouds
10,Longyearbyen,SJ,78.2186,15.6401,37.24,65,75,18.41,broken clouds
11,Avarua,CK,-21.2078,-159.775,78.85,69,100,20.71,overcast clouds
12,Kaitangata,NZ,-46.2817,169.8464,62.65,46,68,5.77,broken clouds
13,Yulara,AU,-25.2406,130.9889,77.65,26,100,15.23,overcast clouds
14,Nisia Floresta,BR,-6.0911,-35.2086,79.18,68,98,10.07,overcast clouds
15,Nokaneng,BW,-19.6667,22.2667,72.88,64,95,7.83,overcast clouds
16,Russell,US,32.3502,-85.1999,55.0,69,100,3.69,overcast clouds
17,Rikitea,PF,-23.1203,-134.9692,73.69,86,47,11.95,light rain
18,Arraial Do Cabo,BR,-22.9661,-42.0278,73.58,88,100,23.04,light rain
19,Normal,US,40.5142,-88.9906,43.95,65,0,8.05,clear sky
20,Georgetown,MY,5.4112,100.3354,82.24,88,20,3.44,few clouds
21,Saint-Philippe,RE,-21.3585,55.7679,74.79,78,85,6.67,overcast clouds
22,Qaanaaq,GL,77.484,-69.3632,10.24,79,44,4.99,scattered clouds
23,Provideniya,RU,64.3833,-173.3,14.11,52,40,20.13,scattered clouds
24,East London,ZA,-33.0153,27.9116,65.71,86,6,9.31,clear sky
25,Torbay,CA,47.6666,-52.7314,32.58,87,75,25.32,broken clouds
26,Wanaka,NZ,-44.7,169.15,49.71,84,99,8.34,overcast clouds
27,Castro,BR,-24.7911,-50.0119,59.74,94,100,2.1,overcast clouds
28,Hirara,JP,24.8,125.2833,79.07,83,75,10.36,broken clouds
29,West Bay,KY,19.3667,-81.4167,82.47,81,20,6.91,few clouds
30,Tuktoyaktuk,CA,69.4541,-133.0374,10.0,95,100,11.61,overcast clouds
31,Karratha,AU,-20.7377,116.8463,85.78,46,77,8.55,broken clouds
32,Bluff,NZ,-46.6,168.3333,60.8,55,63,6.13,broken clouds
33,Yatsuo,JP,36.5667,137.1333,53.22,90,75,0.0,moderate rain
34,Roros,NO,62.5747,11.3842,26.44,86,100,5.75,overcast clouds
35,Upernavik,GL,72.7868,-56.1549,19.26,77,89,4.81,overcast clouds
36,Hambantota,LK,6.1241,81.1185,78.35,79,73,10.83,broken clouds
37,Talnakh,RU,69.4865,88.3972,-19.89,98,100,1.77,overcast clouds
38,Bubaque,GW,11.2833,-15.8333,83.19,63,86,3.62,overcast clouds
39,Dikson,RU,73.5069,80.5464,-15.36,92,100,7.94,overcast clouds
40,Atuona,PF,-9.8,-139.0333,78.58,72,44,18.92,light rain
41,Hobart,AU,-42.8794,147.3294,66.06,45,20,14.97,few clouds
42,Narsaq,GL,60.9167,-46.05,34.02,75,100,7.65,overcast clouds
43,Thompson,CA,55.7435,-97.8558,24.96,93,100,2.3,mist
44,Dong Xoai,VN,11.5333,106.9167,77.58,92,100,4.92,overcast clouds
45,Busselton,AU,-33.65,115.3333,76.1,46,42,8.41,scattered clouds
46,Namatanai,PG,-3.6667,152.4333,85.59,65,73,9.46,broken clouds
47,Shelburne,CA,44.0787,-80.2041,34.25,83,100,8.99,overcast clouds
48,Xining,CN,36.6167,101.7667,36.32,46,16,2.64,few clouds
49,Laukaa,RU,58.7372,29.8453,24.64,95,100,6.08,light snow
50,Bambous Virieux,MU,-20.3428,57.7575,76.21,88,75,3.44,broken clouds
51,Yellowknife,CA,62.456,-114.3525,27.12,100,100,6.91,light snow
52,Port Alfred,ZA,-33.5906,26.891,62.19,95,4,8.16,clear sky
53,Sabla,NG,12.7525,4.7077,69.24,15,7,13.35,clear sky
54,Bengkulu,ID,-3.8004,102.2655,75.74,91,100,10.8,moderate rain
55,Markala,ML,13.7021,-6.0659,71.17,17,76,9.66,broken clouds
56,Hasaki,JP,35.7333,140.8333,55.8,86,100,17.81,moderate rain
57,Kodiak,US,57.79,-152.4072,29.71,64,100,16.11,light snow
58,Barrow,US,71.2906,-156.7887,10.42,92,100,20.71,light snow
59,Luwuk,ID,-0.9516,122.7875,85.37,68,100,2.46,overcast clouds
60,Nikolskoye,RU,59.7035,30.7861,26.49,95,100,6.33,light snow
61,Egvekinot,RU,66.3167,-179.1667,-14.96,86,100,10.18,overcast clouds
62,Ankang,CN,32.68,109.0172,55.45,79,100,0.65,overcast clouds
63,Sobolevo,RU,54.4299,31.8996,22.01,97,92,5.73,overcast clouds
64,Khatanga,RU,71.9667,102.5,-35.7,100,43,4.56,scattered clouds
65,Conakry,GN,9.538,-13.6773,81.12,65,95,2.19,overcast clouds
66,Karymskoye,RU,51.6167,114.35,9.7,74,16,3.4,few clouds
67,Ushuaia,AR,-54.8,-68.3,49.66,66,40,4.61,scattered clouds
68,Meulaboh,ID,4.1363,96.1285,78.46,83,52,3.29,broken clouds
69,Jamestown,US,42.097,-79.2353,40.71,48,0,9.22,clear sky
70,Hithadhoo,MV,-0.6,73.0833,80.4,76,92,10.07,overcast clouds
71,Butaritari,KI,3.0707,172.7902,81.59,74,78,10.96,light rain
72,Ponta Do Sol,PT,32.6667,-17.1,67.71,76,28,3.87,scattered clouds
73,Sandnessjoen,NO,66.0217,12.6316,32.65,59,6,5.01,clear sky
74,Zhigansk,RU,66.7697,123.3711,-28.12,98,100,3.09,overcast clouds
75,Bilibino,RU,68.0546,166.4372,-26.91,98,8,5.84,clear sky
76,Bukachacha,RU,52.9833,116.9167,3.6,84,42,2.21,scattered clouds
77,Tautira,PF,-17.7333,-149.15,77.02,83,100,14.03,light rain
78,Vaini,TO,-21.2,-175.2,82.56,78,40,8.05,scattered clouds
79,Bara,NG,10.3744,10.7288,67.03,20,0,6.15,clear sky
80,Palmas De Monte Alto,BR,-14.2672,-43.1619,70.56,86,99,4.72,overcast clouds
81,Kingaroy,AU,-26.5333,151.8333,82.22,14,97,8.3,overcast clouds
82,Teya,RU,60.3778,92.6267,-0.18,99,100,2.28,overcast clouds
83,Mar Del Plata,AR,-38.0023,-57.5575,57.94,77,0,11.99,clear sky
84,Gushikawa,JP,26.3544,127.8686,73.4,98,75,6.91,moderate rain
85,Flin Flon,CA,54.7682,-101.865,22.51,97,97,5.39,overcast clouds
86,Hilo,US,19.7297,-155.09,78.53,69,40,13.8,scattered clouds
87,Belfast,GB,54.5833,-5.9333,41.47,93,100,4.61,overcast clouds
88,Kichmengskiy Gorodok,RU,59.9816,45.7854,17.73,85,100,5.93,overcast clouds
89,Kavieng,PG,-2.5744,150.7967,86.31,58,32,14.2,scattered clouds
90,Los Llanos De Aridane,ES,28.6585,-17.9182,65.95,64,100,10.36,overcast clouds
91,Korla,CN,41.7597,86.1469,33.04,30,7,3.83,clear sky
92,Brunico,IT,46.7958,11.9364,37.09,100,100,1.97,overcast clouds
93,Huarmey,PE,-10.0681,-78.1522,65.7,85,2,5.3,clear sky
94,Nuuk,GL,64.1835,-51.7216,14.2,92,86,6.06,overcast clouds
95,Kokkola,FI,63.8385,23.1307,21.92,94,100,6.91,overcast clouds
96,Tiksi,RU,71.6872,128.8694,-22.72,100,96,2.89,overcast clouds
97,Tasiilaq,GL,65.6145,-37.6368,35.76,79,100,27.11,overcast clouds
98,Podujevo,XK,42.9106,21.1931,40.96,96,43,6.29,scattered clouds
99,Vanimo,PG,-2.6741,141.3028,85.21,68,54,6.53,light rain
100,Eureka,US,40.8021,-124.1637,57.25,89,100,1.99,overcast clouds
101,Clyde River,CA,70.4692,-68.5914,3.43,78,100,10.36,overcast clouds
102,Elizabethton,US,36.3487,-82.2107,43.57,71,0,0.0,clear sky
103,Lynchburg,US,37.4138,-79.1423,40.14,57,0,0.0,clear sky
104,Gillette,US,44.2911,-105.5022,32.92,67,0,5.75,clear sky
105,Kaeo,NZ,-35.1,173.7833,74.32,59,3,12.97,clear sky
106,Vao,NC,-22.6667,167.4833,76.78,72,4,5.41,clear sky
107,Norman Wells,CA,65.282,-126.8329,17.64,93,100,12.66,light snow
108,Maceio,BR,-9.6658,-35.7353,72.84,94,40,2.3,scattered clouds
109,Bulalacao,PH,12.3254,121.3435,83.77,73,99,15.03,overcast clouds
110,Vila Velha,BR,-20.3297,-40.2925,75.15,90,75,5.75,light rain
111,Fairbanks,US,64.8378,-147.7164,15.1,88,100,0.0,light snow
112,Eaton Socon,GB,52.2175,-0.2893,41.36,95,12,8.23,few clouds
113,Khasan,RU,42.4308,130.6434,42.82,70,100,8.14,overcast clouds
114,Qui Nhon,VN,13.7667,109.2333,79.56,88,100,4.74,overcast clouds
115,Ambilobe,MG,-13.2,49.05,71.64,92,37,3.15,scattered clouds
116,Ostroleka,PL,53.0862,21.5757,31.93,92,100,6.22,overcast clouds
117,Havoysund,NO,70.9963,24.6622,28.63,81,29,8.23,scattered clouds
118,Gat,IL,31.61,34.7642,61.81,82,1,5.12,clear sky
119,Esperance,AU,-33.8667,121.9,75.7,39,89,10.4,overcast clouds
120,Balclutha,NZ,-46.2339,169.75,67.59,29,63,3.87,broken clouds
121,Adrar,MR,20.5022,-10.0711,58.96,18,0,9.82,clear sky
122,Joura,IN,26.3411,77.8115,61.27,44,81,3.71,broken clouds
123,Codrington,AU,-38.2667,141.9667,59.81,68,68,15.14,broken clouds
124,Port Hardy,CA,50.6996,-127.4199,45.43,89,13,3.11,few clouds
125,Isangel,VU,-19.55,169.2667,84.74,68,61,3.83,broken clouds
126,Loyga,RU,61.0784,44.6075,10.72,93,100,4.7,overcast clouds
127,Blackwater,AU,-23.5833,148.8833,84.45,19,82,6.11,broken clouds
128,Avera,US,33.194,-82.5271,54.37,54,100,5.19,overcast clouds
129,Kapaa,US,22.0752,-159.319,82.38,81,75,14.97,broken clouds
130,Awjilah,LY,29.1081,21.2869,59.5,58,0,8.43,clear sky
131,Guerrero Negro,MX,27.9769,-114.0611,64.76,51,80,9.44,broken clouds
132,Pevek,RU,69.7008,170.3133,-27.26,100,99,6.2,overcast clouds
133,Constantine,DZ,36.365,6.6147,49.41,66,40,19.57,scattered clouds
134,Bethel,US,41.3712,-73.414,44.47,65,0,3.44,clear sky
135,Yugo-Kamskiy,RU,57.7053,55.5894,15.82,95,100,3.13,overcast clouds
136,Sijunjung,ID,-0.6876,100.9537,81.97,65,89,3.78,overcast clouds
137,Olinda,BR,-8.0089,-34.8553,78.53,73,75,5.75,broken clouds
138,Birao,CF,10.2849,22.7882,71.2,36,41,4.99,scattered clouds
139,Algiers,DZ,36.7525,3.042,55.22,72,40,9.22,scattered clouds
140,Brownfield,US,33.1812,-102.2744,47.39,51,100,7.56,overcast clouds
141,Lincoln,US,40.8,-96.667,45.34,50,0,9.22,clear sky
142,Tommot,RU,58.9564,126.2925,0.52,93,100,6.42,overcast clouds
143,Carnarvon,AU,-24.8667,113.6333,76.51,59,0,5.46,clear sky
144,Port Lincoln,AU,-34.7333,135.8667,61.36,55,100,2.46,overcast clouds
145,Christchurch,NZ,-43.5333,172.6333,74.41,24,4,18.41,clear sky
146,Sambava,MG,-14.2667,50.1667,72.1,89,100,7.05,overcast clouds
147,Okmulgee,US,35.6234,-95.9605,47.08,61,0,4.61,clear sky
148,Hofn,IS,64.2539,-15.2082,38.71,72,97,40.42,overcast clouds
149,Mbaiki,CF,3.8678,17.9892,69.17,91,7,2.33,clear sky
150,Chokurdakh,RU,70.6333,147.9167,-29.92,100,98,3.0,overcast clouds
151,Mahebourg,MU,-20.4081,57.7,76.24,88,75,3.44,broken clouds
152,Ostrovnoy,RU,68.0531,39.5131,36.09,85,96,11.36,overcast clouds
153,Poum,NC,-20.2333,164.0167,79.41,80,97,5.1,overcast clouds
154,Raudeberg,NO,61.9875,5.1352,43.47,51,100,11.74,overcast clouds
155,Chapais,CA,49.7834,-74.8492,19.18,94,100,9.06,overcast clouds
156,Shumikha,RU,55.2261,63.2961,1.17,96,25,4.25,scattered clouds
157,Jamkhed,IN,18.7362,75.3121,67.21,41,36,7.85,scattered clouds
158,Tayu,ID,-6.5397,111.0518,83.37,72,100,6.82,moderate rain
159,Munirabad,IN,15.3333,76.3333,71.94,85,92,5.26,overcast clouds
160,Port Augusta,AU,-32.5,137.7667,70.61,42,0,6.55,clear sky
161,Nyurba,RU,63.2842,118.3319,-18.54,99,97,4.85,overcast clouds
162,Pitrufquen,CL,-38.9833,-72.65,57.22,94,100,8.05,overcast clouds
163,Leh,IN,34.1667,77.5833,8.49,56,1,3.67,clear sky
164,Kampot,KH,10.6167,104.1833,84.25,87,98,5.08,overcast clouds
165,Marienburg,PL,54.0359,19.0266,35.85,92,100,5.93,overcast clouds
166,Saskylakh,RU,71.9167,114.0833,-38.29,100,63,1.68,broken clouds
167,Mehamn,NO,71.0357,27.8492,28.35,86,8,10.36,clear sky
168,Cape Town,ZA,-33.9258,18.4232,61.12,88,0,5.01,clear sky
169,Lagunas,PE,-5.2269,-75.6753,75.67,94,100,0.49,overcast clouds
170,Flinders,AU,-34.5833,150.8552,77.18,50,7,11.99,clear sky
171,New Norfolk,AU,-42.7826,147.0587,65.71,44,15,5.99,few clouds
172,Voh,NC,-20.9667,164.7,87.87,56,97,7.67,overcast clouds
173,Lebu,CL,-37.6167,-73.65,56.71,91,92,13.09,overcast clouds
174,Cardston,CA,49.2,-113.3019,39.29,65,100,5.75,overcast clouds
175,Rawson,AR,-43.3002,-65.1023,72.7,40,98,12.26,overcast clouds
176,Bandarbeyla,SO,9.4942,50.8122,75.94,70,96,13.53,overcast clouds
177,Liaozhong,CN,41.5061,122.7242,43.0,64,2,6.17,clear sky
178,Kieta,PG,-6.2167,155.6333,86.59,60,31,4.56,scattered clouds
179,Sungairaya,ID,0.7,108.9,86.43,62,84,5.7,broken clouds
180,Zhangjiakou,CN,40.81,114.8794,40.35,46,17,1.68,few clouds
181,Teahupoo,PF,-17.8333,-149.2667,78.76,82,100,14.65,overcast clouds
182,Luderitz,NA,-26.6481,15.1594,60.51,80,0,4.52,clear sky
183,Rio Grande,BR,-32.035,-52.0986,64.15,83,73,8.43,broken clouds
184,Hamilton,US,39.1834,-84.5333,45.55,54,0,5.75,clear sky
185,Bayir,TR,37.2687,28.2167,52.32,94,100,7.07,overcast clouds
186,Cherskiy,RU,68.75,161.3,-37.39,100,34,1.74,scattered clouds
187,Rosetta,EG,31.4044,30.4164,65.7,58,0,2.66,clear sky
188,Hay River,CA,60.8156,-115.7999,33.78,93,75,9.22,broken clouds
189,Goure,NE,13.9835,10.2704,64.63,16,0,9.35,clear sky
190,Pocone,BR,-16.2567,-56.6228,76.05,71,100,3.89,overcast clouds
191,Tuatapere,NZ,-46.1333,167.6833,62.26,39,85,8.59,overcast clouds
192,Kawambwa,ZM,-9.7915,29.0791,60.66,98,91,1.63,light rain
193,Yazd,IR,31.8972,54.3675,46.51,46,0,4.61,clear sky
194,Pokrovsk,UA,48.282,37.1758,34.75,79,87,14.07,overcast clouds
195,Itaguai,BR,-22.8522,-43.7753,74.82,88,0,3.44,clear sky
196,Prince Rupert,CA,54.3161,-130.3201,46.09,91,100,10.36,light rain
197,Swakopmund,NA,-22.6833,14.5333,58.98,86,0,1.01,clear sky
198,Vestmannaeyjar,IS,63.4427,-20.2734,37.22,60,99,15.48,overcast clouds
199,Morehead,US,37.2711,-87.1764,43.0,60,0,0.0,clear sky
200,Vila Franca Do Campo,PT,37.7167,-25.4333,64.81,93,100,3.31,overcast clouds
201,Klaksvik,FO,62.2266,-6.589,40.12,84,100,22.03,light rain
202,Maldonado,UY,-34.6667,-54.9167,54.79,91,0,2.93,clear sky
203,Kyshtovka,RU,56.555,76.6271,-7.28,93,96,10.47,overcast clouds
204,Qinzhou,CN,21.95,108.6167,69.46,91,100,9.71,overcast clouds
205,Ozernovskiy,RU,51.5,156.5167,34.97,62,100,30.29,light snow
206,Lufkin,US,31.3382,-94.7291,51.71,84,75,3.44,broken clouds
207,Port Elizabeth,ZA,-33.918,25.5701,64.69,94,0,3.44,clear sky
208,Puebloviejo,CO,10.9938,-74.2844,82.04,78,40,6.91,scattered clouds
209,Southbridge,US,42.0751,-72.0334,37.51,76,66,3.0,broken clouds
210,Port Macquarie,AU,-31.4333,152.9167,77.9,41,7,10.22,clear sky
211,Grand Gaube,MU,-20.0064,57.6608,76.37,75,2,5.01,clear sky
212,Lavrentiya,RU,65.5833,-171.0,3.36,92,100,15.99,overcast clouds
213,Victoria,HK,22.2855,114.1577,77.38,91,100,8.01,overcast clouds
214,Okhotsk,RU,59.3833,143.3,6.06,79,17,19.22,few clouds
215,Carman,CA,49.4992,-98.0016,30.54,86,94,5.75,overcast clouds
216,Novyy Urengoy,RU,66.0833,76.6333,-20.54,98,82,6.62,broken clouds
217,Ribeira Grande,PT,38.5167,-28.7,61.77,82,100,4.0,overcast clouds
218,Dubuque,US,42.4833,-90.8668,36.88,64,0,9.22,clear sky
219,Sola,VU,-13.8833,167.55,83.34,73,39,12.24,scattered clouds
220,Kochevo,RU,59.5994,54.3125,8.35,98,100,3.42,overcast clouds
221,Port Blair,IN,11.6667,92.75,81.1,79,99,6.42,overcast clouds
222,Fukue,JP,32.6881,128.8419,64.76,77,75,17.27,broken clouds
223,Rundu,NA,-17.9333,19.7667,68.41,72,97,6.06,light rain
224,Boa Vista,BR,2.8197,-60.6733,78.78,78,40,5.75,scattered clouds
225,Anamur,TR,36.0751,32.8369,62.49,71,6,4.61,clear sky
226,Joshimath,IN,30.5667,79.5667,46.31,26,0,9.13,clear sky
227,Aklavik,CA,68.2191,-135.0107,15.26,95,100,12.17,light snow
228,Fethiye,TR,36.6217,29.1164,53.47,74,16,4.92,few clouds
229,Belaya Gora,RU,68.5333,146.4167,-19.89,95,100,5.37,overcast clouds
230,Havelock,US,34.8791,-76.9013,58.98,89,75,0.0,broken clouds
231,Anadyr,RU,64.75,177.4833,-19.7,69,0,8.95,clear sky
232,Lata,PT,40.1629,-8.3327,62.08,95,100,12.82,overcast clouds
233,Husavik,IS,66.0449,-17.3389,35.33,75,64,16.8,broken clouds
234,Duki,PK,30.1541,68.5728,50.77,21,3,3.74,clear sky
235,Dingzhou,CN,38.5131,114.9956,46.51,60,5,4.63,clear sky
236,Muros,ES,42.7762,-9.0603,63.09,93,100,24.32,light rain
237,Severo-Kurilsk,RU,50.6789,156.125,33.82,69,78,28.16,light snow
238,Beloha,MG,-25.1667,45.05,67.14,82,0,13.15,clear sky
239,Gorontalo,ID,0.5412,123.0595,88.95,58,85,2.42,overcast clouds
240,Manokwari,ID,-0.8667,134.0833,83.82,73,55,6.22,light rain
241,Jacareacanga,BR,-6.2222,-57.7528,73.22,99,100,1.59,overcast clouds
242,Gallup,US,35.5281,-108.7426,35.02,36,0,0.0,clear sky
243,Katsuura,JP,35.1333,140.3,57.22,85,100,15.57,light rain
244,Chuy,UY,-33.6971,-53.4616,57.9,86,53,4.18,broken clouds
245,Munchberg,DE,50.2,11.7833,37.98,99,100,4.0,overcast clouds
246,Natal,BR,-5.795,-35.2094,79.02,69,40,9.22,scattered clouds
247,Ancud,CL,-41.8697,-73.8203,55.56,99,100,8.14,light rain
248,Trincomalee,LK,8.5711,81.2335,76.5,82,75,11.68,broken clouds
249,Semme,FR,46.1963,1.5007,45.01,97,100,6.76,overcast clouds
250,Along,IN,28.1667,94.7667,62.42,50,2,1.41,clear sky
251,Guhagar,IN,17.4842,73.1929,74.35,58,100,3.83,overcast clouds
252,Chabahar,IR,25.2919,60.643,73.92,56,55,7.02,broken clouds
253,Krasnoarmeysk,RU,51.0239,45.6969,42.73,99,100,12.66,overcast clouds
254,Antalaha,MG,-14.9003,50.2788,70.54,90,100,4.74,overcast clouds
255,Rauma,FI,61.1272,21.5113,26.64,89,45,7.74,scattered clouds
256,Williston,US,48.147,-103.618,32.74,89,99,6.98,overcast clouds
257,San Juan,AR,-31.5375,-68.5364,77.13,21,1,6.26,clear sky
258,Upata,VE,8.0086,-62.3989,69.26,97,10,3.22,clear sky
259,Walvis Bay,NA,-22.9575,14.5053,59.09,94,0,2.3,clear sky
260,Kendari,ID,-3.945,122.4989,86.56,68,100,1.23,moderate rain
261,Northam,GB,51.0333,-4.2167,50.25,89,100,21.32,overcast clouds
262,Papara,BR,-3.9839,-38.7273,79.2,80,17,4.61,few clouds
263,Kamenka,RU,51.3223,42.7678,49.69,92,100,15.77,overcast clouds
264,Svetlogorsk,BY,52.6333,29.7333,13.37,98,84,4.43,broken clouds
265,Pimenta Bueno,BR,-11.6725,-61.1936,71.78,93,99,1.63,light rain
266,Concordia,AR,-31.393,-58.0209,56.79,97,0,3.6,clear sky
267,Henties Bay,NA,-22.116,14.2845,60.6,82,0,3.22,clear sky
268,Ingham,US,42.6,-84.3833,37.35,74,0,0.0,clear sky
269,Shenjiamen,CN,29.9576,122.298,61.36,80,94,20.42,overcast clouds
270,Lorengau,PG,-2.0226,147.2712,82.74,75,100,8.77,overcast clouds
271,Araouane,ML,18.9048,-3.5265,67.05,18,84,10.96,broken clouds
272,Leshukonskoye,RU,64.8989,45.7622,4.33,100,89,2.89,overcast clouds
273,Huntsville,US,34.7304,-86.5861,47.1,64,0,1.01,clear sky
274,Basoko,CD,1.2391,23.616,68.65,96,83,2.55,light rain
275,Merauke,ID,-8.4667,140.3333,86.67,67,100,5.99,overcast clouds
276,Saint-Francois,FR,46.4154,3.9054,37.67,93,0,0.0,clear sky
277,Faya,SA,18.3851,42.4509,51.91,64,6,1.01,clear sky
278,Luebo,CD,-5.35,21.4167,68.09,97,89,0.98,overcast clouds
279,Jambi,ID,-1.6,103.6167,77.94,90,99,0.67,overcast clouds
280,Haines Junction,CA,60.7522,-137.5108,22.95,100,100,2.3,overcast clouds
281,Wawa,NG,9.9022,4.4192,73.06,36,1,4.32,clear sky
282,Yenagoa,NG,4.9247,6.2642,75.33,91,5,2.57,clear sky
283,Iqaluit,CA,63.7506,-68.5145,2.93,92,40,3.44,scattered clouds
284,Faanui,PF,-16.4833,-151.75,80.73,71,12,2.44,few clouds
285,Aykhal,RU,66.0,111.5,-10.35,98,100,3.4,overcast clouds
286,Bathsheba,BB,13.2167,-59.5167,81.21,78,40,21.85,scattered clouds
287,Sao Joao Da Barra,BR,-21.6403,-41.0511,73.87,86,100,14.2,overcast clouds
288,Puerto Escondido,MX,15.85,-97.0667,81.43,65,40,3.44,scattered clouds
289,Noumea,NC,-22.2763,166.4572,84.18,65,10,10.78,clear sky
290,Atambua,ID,-9.1061,124.8925,83.07,69,68,1.41,broken clouds
291,Kahului,US,20.8947,-156.47,80.62,67,40,24.16,scattered clouds
292,Dingle,PH,10.9995,122.6711,84.87,75,31,8.23,scattered clouds
293,Inhambane,MZ,-23.865,35.3833,73.0,73,8,9.42,clear sky
294,Omboue,GA,-1.5746,9.2618,76.48,90,100,1.21,overcast clouds
295,Jelling,DK,55.7559,9.4258,40.23,96,100,10.36,mist
296,Ucluelet,CA,48.9329,-125.5528,50.09,89,17,1.99,few clouds
297,Changji,CN,44.0167,87.3167,32.79,93,20,2.24,mist
298,Joensuu,FI,62.6012,29.7632,18.09,93,100,9.22,overcast clouds
299,San Patricio,US,28.017,-97.5169,53.91,86,95,5.28,overcast clouds
300,Aswan,EG,24.0934,32.907,70.34,35,15,11.56,few clouds
301,Leua,SK,48.2156,18.6071,43.5,66,100,8.16,light rain
302,Trinidad,BO,-14.8333,-64.9,74.62,80,99,2.04,overcast clouds
303,Ballina,AU,-28.8667,153.5667,81.01,48,94,7.29,overcast clouds
304,Concarneau,FR,47.875,-3.9225,60.82,90,96,16.35,overcast clouds
305,Naze,JP,28.3667,129.4833,68.92,90,100,11.81,moderate rain
306,Coihaique,CL,-45.5752,-72.0662,57.15,72,75,4.61,broken clouds
307,Sydney,AU,-33.8679,151.2073,81.32,37,0,19.57,clear sky
308,Polunochnoye,RU,60.8697,60.4153,-12.53,100,65,2.15,broken clouds
309,Okato,NZ,-39.2,173.8833,59.68,60,49,18.79,scattered clouds
310,La Tebaida,CO,4.4527,-75.7875,67.77,88,40,0.0,scattered clouds
311,Manado,ID,1.487,124.8455,88.57,66,20,3.44,few clouds
312,Bahraich,IN,27.5833,81.6,59.43,64,35,5.01,scattered clouds
313,Souillac,MU,-20.5167,57.5167,71.98,88,75,3.44,broken clouds
314,Khodz,RU,44.5102,40.7142,46.35,83,58,10.38,broken clouds
315,Mana,GF,5.6592,-53.7767,78.82,81,100,12.21,overcast clouds
316,Luena,AO,-11.7833,19.9167,60.15,98,95,3.76,overcast clouds
317,Cayenne,GF,4.9333,-52.3333,75.24,94,0,0.0,clear sky
318,Nanortalik,GL,60.1432,-45.2371,33.71,84,100,3.42,overcast clouds
319,Bredasdorp,ZA,-34.5322,20.0403,58.59,82,5,3.36,clear sky
320,Sao Filipe,CV,14.8961,-24.4956,79.27,57,44,13.02,scattered clouds
321,La Palma,US,33.8464,-118.0467,66.81,50,0,4.61,clear sky
322,Port-Gentil,GA,-0.7193,8.7815,79.09,85,89,5.23,overcast clouds
323,Soria,ES,41.6667,-2.6667,51.12,100,100,23.06,overcast clouds
324,Saldanha,ZA,-33.0117,17.9442,59.56,86,0,5.95,clear sky
325,Ahipara,NZ,-35.1667,173.1667,65.44,61,0,13.29,clear sky
326,Ladario,BR,-19.0047,-57.6017,73.44,79,78,4.97,broken clouds
327,Pedernales,DO,18.0384,-71.744,78.93,71,0,6.35,clear sky
328,Tigil,RU,57.8,158.6667,30.69,75,100,20.11,overcast clouds
329,Fortuna,US,40.5982,-124.1573,56.93,90,100,3.44,overcast clouds
330,Tual,ID,-5.6667,132.75,84.69,67,78,0.51,broken clouds
331,Inhuma,BR,-6.6683,-41.7078,78.84,43,35,4.52,scattered clouds
332,Grindavik,IS,63.8424,-22.4338,36.07,75,0,13.8,clear sky
333,Makakilo City,US,21.3469,-158.0858,80.92,58,0,14.97,clear sky
334,Benghazi,LY,32.1167,20.0667,68.23,47,100,16.58,overcast clouds
335,Ulety,RU,51.3572,112.4849,9.27,80,16,0.92,few clouds
336,Ketchikan,US,55.3422,-131.6461,45.07,93,100,4.61,overcast clouds
337,Zhangye,CN,38.9342,100.4517,39.33,33,50,2.95,scattered clouds
338,Sonoita,MX,31.85,-112.8333,63.54,21,99,4.18,overcast clouds
339,Ossora,RU,59.2353,163.0719,37.45,90,95,21.88,overcast clouds
340,Shimoda,JP,34.6667,138.95,57.56,94,100,13.18,moderate rain
341,Comodoro Rivadavia,AR,-45.8667,-67.5,69.66,37,0,28.77,clear sky
342,Redlands,US,34.0556,-117.1825,64.33,20,0,6.91,clear sky
343,Pelham,US,33.2857,-86.81,53.4,64,0,3.44,clear sky
344,Samarai,PG,-10.6167,150.6667,85.91,66,48,15.28,scattered clouds
345,Forssa,FI,60.8146,23.6215,26.67,93,73,4.94,broken clouds
346,Ilulissat,GL,69.2167,-51.1,19.42,86,40,2.3,scattered clouds
347,Salym,RU,60.0625,71.4789,-20.49,98,6,4.45,clear sky
348,Jalu,LY,29.0331,21.5482,59.56,59,0,8.12,clear sky
349,Oksfjord,NO,70.2396,22.3479,33.98,68,13,11.86,few clouds
350,Mogadishu,SO,2.0371,45.3438,79.65,78,100,12.93,overcast clouds
351,Ust-Maya,RU,60.4167,134.5333,-16.71,96,100,0.94,overcast clouds
352,Half Moon Bay,US,37.4636,-122.4286,59.45,66,0,10.36,clear sky
353,Marzuq,YE,14.4,46.4667,58.73,61,0,2.66,clear sky
354,Macapa,BR,0.0389,-51.0664,82.38,83,75,8.05,broken clouds
355,Yeppoon,AU,-23.1333,150.7333,87.58,61,68,8.19,broken clouds
356,Marsh Harbour,BS,26.5412,-77.0636,78.78,80,100,15.46,overcast clouds
357,Tahe,CN,52.3333,124.7333,11.43,69,5,4.83,clear sky
358,Deputatskiy,RU,69.3,139.9,-33.3,100,95,0.69,overcast clouds
359,Naron,ES,43.5167,-8.1528,63.45,90,100,25.86,overcast clouds
360,Portland,US,45.5234,-122.6762,52.81,91,100,6.91,mist
361,Umm Lajj,SA,25.0213,37.2685,79.25,62,78,3.04,broken clouds
362,Nesna,NO,66.1967,13.0213,32.67,72,6,23.38,clear sky
363,Acarau,BR,-2.8856,-40.12,79.12,77,32,17.45,scattered clouds
364,Baracoa,CU,20.3467,-74.4958,79.03,88,64,13.18,broken clouds
365,Shubarkuduk,KZ,49.1447,56.4872,37.9,98,100,12.62,overcast clouds
366,Honningsvag,NO,70.9821,25.9704,28.15,93,100,14.97,overcast clouds
367,Sankt Johann Im Pongau,AT,47.35,13.2,37.51,99,100,2.26,overcast clouds
368,Storforshei,NO,66.4043,14.5233,29.98,59,30,11.5,scattered clouds
369,Salalah,OM,17.0151,54.0924,75.29,53,20,5.75,few clouds
370,Adre,TD,13.4667,22.2,68.09,30,29,12.75,scattered clouds
371,Ponta Delgada,PT,37.7333,-25.6667,65.12,88,75,10.36,broken clouds
372,Yuancheng,CN,36.652,107.7896,42.6,62,100,1.86,overcast clouds
373,Zhezkazgan,KZ,47.8043,67.7144,28.38,93,100,8.95,overcast clouds
374,Gladstone,AU,-23.85,151.25,84.13,39,59,11.5,broken clouds
375,Seara,PT,41.1818,-7.8003,62.17,96,100,16.42,light rain
376,Havre,FR,49.5833,0.3333,44.37,87,0,9.22,clear sky
377,Kasama,ZM,-10.2129,31.1808,62.6,91,51,3.06,broken clouds
378,Zaliztsi,UA,49.7919,25.373,29.68,97,100,8.28,overcast clouds
379,Banikoara,BJ,11.2985,2.4386,70.79,24,0,5.32,clear sky
380,Galle,LK,6.0367,80.217,79.79,76,61,8.7,broken clouds
381,Svetlyy,RU,54.675,20.1347,26.65,94,100,7.63,overcast clouds
382,Ulaangom,MN,49.9811,92.0667,10.45,89,100,2.55,overcast clouds
383,Ganta,LR,7.3022,-8.5308,68.43,72,5,0.49,clear sky
384,Dharur,IN,18.8167,76.1167,64.13,45,92,6.06,overcast clouds
385,Chingola,ZM,-12.529,27.8838,62.02,97,100,3.04,light rain
386,Ipora,BR,-16.4419,-51.1178,71.15,80,100,2.26,overcast clouds
387,Tome,CL,-36.6167,-72.95,57.81,74,12,7.56,few clouds
388,Komsomolskiy,UZ,40.4272,71.7189,41.72,93,100,4.61,mist
389,Chegdomyn,RU,51.1167,133.0167,7.95,83,92,1.9,overcast clouds
390,Ixtapa,MX,20.7,-105.2,75.22,83,0,0.0,clear sky
391,Iranshahr,IR,27.2025,60.6848,53.94,30,20,0.0,few clouds
392,Pisco,PE,-13.7,-76.2167,66.25,88,0,10.36,clear sky
393,Toropets,RU,56.4978,31.6353,27.16,96,100,5.3,light snow
394,Lagoa,PT,39.05,-27.9833,60.42,70,100,12.39,overcast clouds
395,Emba,KZ,48.8264,58.1442,36.01,99,100,12.15,overcast clouds
396,Youkounkoun,GN,12.5333,-13.1333,72.34,24,99,5.5,overcast clouds
397,Tura,IN,25.5198,90.2201,66.02,78,5,2.17,clear sky
398,Kununurra,AU,-15.7667,128.7333,85.98,74,40,8.05,scattered clouds
399,Cidreira,BR,-30.1811,-50.2056,67.89,92,100,8.9,overcast clouds
400,Zelenogorskiy,RU,55.0333,87.0,5.07,87,100,11.77,overcast clouds
401,Itarema,BR,-2.9248,-39.9167,78.94,77,40,16.46,scattered clouds
402,Katobu,ID,-4.9408,122.5276,86.61,66,86,3.69,moderate rain
403,Alexandria,EG,31.2156,29.9553,66.18,58,0,0.78,clear sky
404,Zyryanka,RU,65.75,150.85,-21.82,96,100,11.45,overcast clouds
405,Hobyo,SO,5.3505,48.5268,79.29,70,27,14.18,scattered clouds
406,Yumen,CN,40.2833,97.2,38.97,32,16,11.92,few clouds
407,Puerto Suarez,BO,-18.95,-57.8,75.13,73,99,6.02,overcast clouds
408,Ghanzi,BW,-21.5667,21.7833,74.82,59,94,6.38,overcast clouds
409,Boffa,GN,10.1667,-14.0333,73.51,78,57,1.7,broken clouds
410,Tiznit,MA,29.5833,-9.5,60.31,53,0,1.9,clear sky
411,Tesanj,BA,44.6117,17.9872,43.34,96,85,5.55,overcast clouds
412,Katherine,AU,-14.4667,132.2667,91.72,52,75,6.91,broken clouds
413,Taltal,CL,-25.4,-70.4833,62.91,80,25,2.37,scattered clouds
414,Ejido,VE,8.5514,-71.2375,63.91,96,14,1.74,few clouds
415,Lompoc,US,34.6391,-120.4579,61.59,75,0,5.75,clear sky
416,Eskil,TR,38.4017,33.4131,49.1,77,66,12.19,broken clouds
417,Ikalamavony,MG,-21.15,46.5833,64.85,84,3,4.56,clear sky
418,Farias Brito,BR,-6.9306,-39.5656,79.48,40,35,3.38,scattered clouds
419,Broken Hill,AU,-31.95,141.4333,68.58,39,0,5.19,clear sky
420,Naisud,PH,11.8058,122.1939,84.13,74,100,10.04,overcast clouds
421,Salekhard,RU,66.53,66.6019,3.69,87,100,11.21,overcast clouds
422,Cam Ranh,VN,11.9214,109.1591,82.36,83,20,3.44,few clouds
423,Kassala,SD,15.451,36.4,75.34,53,0,6.38,clear sky
424,Bocas Del Toro,PA,9.3333,-82.25,78.75,81,12,4.65,few clouds
425,Zhuji,CN,29.7188,120.2423,62.96,76,85,6.91,overcast clouds
426,Grand-Santi,GF,4.25,-54.3833,75.09,88,100,3.53,overcast clouds
427,Dano,BF,11.15,-3.0667,74.19,23,17,5.35,few clouds
428,Broome,US,42.2506,-75.833,37.78,67,0,8.05,clear sky
429,Esfarayen,IR,37.0765,57.5101,35.26,45,93,2.86,overcast clouds
430,Berbera,SO,10.4396,45.0143,77.09,68,0,5.08,clear sky
431,Concepcion Del Oro,MX,24.6333,-101.4167,59.13,61,67,8.68,broken clouds
432,Coquimbo,CL,-29.9533,-71.3436,60.53,82,100,4.61,overcast clouds
433,Coihueco,CL,-36.6167,-71.8333,68.74,49,0,9.22,clear sky
434,Leningradskiy,RU,69.3833,178.4167,-10.61,95,100,8.21,overcast clouds
435,San Andres,CO,12.5847,-81.7006,80.62,89,75,13.8,light rain
436,Saint-Augustin,CA,51.226,-58.6502,14.47,86,96,11.01,overcast clouds
437,Salinopolis,BR,-0.6136,-47.3561,80.02,80,19,11.39,few clouds
438,Itupiranga,BR,-5.1347,-49.3267,79.12,66,100,0.92,overcast clouds
439,Roald,NO,62.5833,6.1333,43.72,45,100,20.71,overcast clouds
440,Kulhudhuffushi,MV,6.6221,73.07,80.58,70,56,7.63,broken clouds
441,Khromtau,KZ,50.2503,58.4347,28.38,98,100,11.54,overcast clouds
442,Kailua,US,21.4022,-157.7394,82.38,62,40,11.5,scattered clouds
443,Cuamba,MZ,-14.8031,36.5372,71.49,81,40,3.94,scattered clouds
444,Mira,IT,45.4358,12.1348,47.05,91,75,6.91,light rain
445,Pokhara,NP,28.2333,83.9833,61.12,38,0,3.11,clear sky
446,Sioux Lookout,CA,50.1001,-91.917,26.67,93,100,5.75,overcast clouds
447,Ban Nahin,LA,18.2418,104.2122,82.87,65,100,1.68,overcast clouds
448,Grootfontein,NA,-19.5667,18.1167,74.57,46,98,5.86,overcast clouds
449,Chyhyryn,UA,49.0838,32.6555,35.01,80,95,11.81,overcast clouds
450,Pacific Grove,US,36.6177,-121.9166,58.64,72,0,4.0,clear sky
451,Kavaratti,IN,10.5669,72.642,79.54,50,51,3.4,broken clouds
452,Fiumicino,IT,41.7675,12.2291,51.78,80,40,12.66,light rain
453,Auki,SB,-8.7676,160.7034,87.26,61,26,3.18,scattered clouds
454,Sitka,US,57.0531,-135.33,44.49,81,100,8.05,light rain
455,Nakhon Phanom,TH,17.3333,104.4167,84.0,80,99,3.44,overcast clouds
456,Ormara,PK,25.2088,64.6357,74.61,28,72,9.24,broken clouds
457,Krasnoselkup,RU,65.7,82.4667,-18.9,97,96,7.65,overcast clouds
458,Dunedin,NZ,-45.8742,170.5036,58.5,61,96,9.1,overcast clouds
459,Doctor Phillips,US,28.4495,-81.4923,70.07,94,100,9.22,overcast clouds
460,Turukhansk,RU,65.8167,87.9833,-32.91,97,25,4.76,scattered clouds
461,Marondera,ZW,-18.1853,31.5519,60.62,79,100,5.61,overcast clouds
462,Beni,CD,0.5,29.4667,60.35,98,100,0.85,overcast clouds
463,Padang,ID,-0.9492,100.3543,75.25,78,87,2.01,light rain
464,Inuvik,CA,68.3499,-133.7218,18.36,92,100,5.75,light snow
465,Belyy Yar,RU,53.6039,91.3903,21.09,69,0,4.47,clear sky
466,Praia Da Vitoria,PT,38.7333,-27.0667,61.05,94,75,11.16,broken clouds
467,San Vicente,AR,-26.6167,-54.1333,60.93,96,69,2.1,broken clouds
468,Kodinsk,RU,58.6881,99.1844,8.42,95,100,3.53,light snow
469,Petropavlovsk-Kamchatskiy,RU,53.0452,158.6483,32.59,64,75,13.42,broken clouds
470,Champerico,GT,14.3,-91.9167,80.58,77,99,4.83,overcast clouds
471,Witu,KE,-2.3889,40.4382,74.66,93,81,5.66,light rain
472,Andenes,NO,69.3143,16.1194,33.78,75,0,13.8,clear sky
473,Coari,BR,-4.085,-63.1414,72.86,99,100,4.29,overcast clouds
474,Touros,BR,-5.1989,-35.4608,79.3,65,100,14.79,overcast clouds
475,Caravelas,BR,-17.7125,-39.2481,71.82,88,100,4.92,overcast clouds
476,Plouzane,FR,48.3833,-4.6167,55.45,100,100,14.97,light rain
477,Bud,US,39.447,-86.1758,42.75,61,2,6.96,clear sky
478,Airai,TL,-8.9266,125.4092,72.61,70,75,0.72,broken clouds
479,Corinth,GR,37.9407,22.9573,60.89,83,100,7.94,overcast clouds
480,Dori,BF,14.0354,-0.0345,74.86,16,100,8.19,overcast clouds
481,Maniitsoq,GL,65.4167,-52.9,18.34,80,70,12.37,broken clouds
482,Georgiyevka,KZ,43.0369,74.7114,41.04,100,75,4.47,mist
483,Port Hedland,AU,-20.3167,118.5667,86.05,45,99,12.66,overcast clouds
484,Olafsvik,IS,64.8945,-23.7142,37.96,74,30,20.96,scattered clouds
485,Magole,TZ,-6.3667,37.3667,71.56,90,84,2.28,light rain
486,Miri,MY,4.4148,114.0089,89.74,66,20,8.05,few clouds
487,Shar,KZ,49.5886,81.0453,11.12,95,100,5.3,overcast clouds
488,Palmer,US,42.1584,-72.3287,37.81,75,40,0.0,scattered clouds
489,Hami,CN,42.8,93.45,35.35,36,100,8.14,overcast clouds
490,Orikum,AL,40.3253,19.4714,59.77,62,53,19.71,light rain
491,Doctor Arroyo,MX,23.6667,-100.1833,57.16,86,29,8.05,scattered clouds
492,Presidencia Roque Saenz Pena,AR,-26.7852,-60.4388,62.46,43,0,3.6,clear sky
493,Laguna,US,38.421,-121.4238,56.17,58,0,0.0,clear sky
494,Polyanka,UA,50.2584,27.6881,20.32,98,56,1.79,broken clouds
495,Brigantine,US,39.4101,-74.3646,46.02,70,0,6.91,clear sky
496,Onokhoy,RU,51.932,108.0747,2.95,81,22,3.36,few clouds
497,Kwidzyn,PL,53.7249,18.9311,35.24,93,100,7.29,overcast clouds
498,Erechim,BR,-27.6342,-52.2739,61.32,96,100,3.89,overcast clouds
499,Changping,CN,40.2186,116.2197,46.04,42,17,3.09,few clouds
500,Sarakhs,IR,36.5449,61.1577,51.94,40,0,4.61,clear sky
501,Harper,LR,4.375,-7.7169,77.49,85,0,7.76,light rain
502,Popondetta,PG,-8.7537,148.2534,93.87,42,100,6.26,overcast clouds
503,Barranca,PE,-10.75,-77.7667,65.05,83,9,5.68,clear sky
504,Bosaso,SO,11.2842,49.1816,73.38,69,0,1.9,clear sky
505,Taman,RU,45.2117,36.7161,46.2,69,65,4.88,broken clouds
506,Makushino,RU,55.2103,67.2442,2.82,94,12,3.02,few clouds
507,Jining,CN,35.405,116.5814,53.83,60,0,0.81,clear sky
508,Beringovskiy,RU,63.05,179.3167,-7.73,94,8,9.51,clear sky
509,Acapulco,MX,16.8634,-99.8901,80.42,83,40,2.3,scattered clouds
510,Arlit,NE,18.7369,7.3853,70.32,19,100,7.2,overcast clouds
511,Sigiriya,LK,7.9518,80.7426,75.11,79,49,7.78,scattered clouds
512,Patacamaya,BO,-17.2333,-67.9167,46.76,76,100,7.74,overcast clouds
513,Taldan,RU,53.6667,124.8,1.36,92,96,3.4,overcast clouds
514,Dandong,CN,40.1292,124.3947,45.21,62,0,1.99,clear sky
515,Pochutla,MX,15.7432,-96.4661,76.82,89,74,3.8,broken clouds
516,Ardakan,IR,32.31,54.0175,52.86,29,0,5.35,clear sky
517,Gold Coast,AU,-28.0,153.4333,80.24,42,98,13.8,overcast clouds
518,Meadow Lake,US,34.8014,-106.5436,42.13,33,100,1.54,overcast clouds
519,Rincon,US,32.296,-81.2354,60.76,68,100,5.75,overcast clouds
520,Waipawa,NZ,-41.4122,175.5153,65.64,43,7,11.1,clear sky
521,Springbok,ZA,-29.6643,17.8865,55.51,59,5,4.45,clear sky
522,Dakar,SN,14.6937,-17.4441,79.68,44,8,20.47,clear sky
523,Bhadasar,IN,28.2833,74.3167,60.03,28,0,5.01,clear sky
524,Zilupe,LV,56.3862,28.1217,20.86,95,98,5.61,overcast clouds
525,Maniwaki,CA,46.3834,-75.966,25.18,93,100,3.44,overcast clouds
526,Saint Anthony,US,45.0205,-93.218,28.74,85,0,0.0,clear sky
527,Whitecourt,CA,54.1502,-115.6855,33.04,80,75,5.75,broken clouds
528,Uvarovka,RU,55.5278,35.6061,32.07,99,100,2.44,overcast clouds
529,Pangnirtung,CA,66.1451,-65.7125,-1.39,66,43,6.24,scattered clouds
530,Karatau,KZ,43.1667,70.4667,41.61,90,83,2.59,broken clouds
531,Esterhazy,CA,50.65,-102.0843,29.25,88,98,7.25,overcast clouds
532,Hede,CN,33.7681,120.2517,58.33,78,73,7.09,broken clouds
533,Barbosa Ferraz,BR,-24.03,-52.0117,66.88,96,8,2.57,clear sky
534,Paamiut,GL,61.994,-49.6678,23.22,74,100,7.65,overcast clouds
535,Hervey Bay,AU,-25.2986,152.8535,75.74,62,77,10.94,broken clouds
536,Santa Isabel Do Rio Negro,BR,-0.4139,-65.0192,73.17,96,80,2.62,broken clouds
537,Kenai,US,60.5544,-151.2583,33.89,96,100,9.22,light snow
538,Peleduy,RU,59.6289,112.7406,-12.95,96,100,2.95,overcast clouds
539,Kualakapuas,ID,-3.0091,114.3876,86.86,64,100,2.04,overcast clouds
540,Hualmay,PE,-11.0964,-77.6139,65.32,85,25,6.31,scattered clouds
541,Catarama,EC,-1.5833,-79.4667,79.14,58,87,5.64,overcast clouds
542,Weligama,LK,5.9667,80.4167,78.73,78,46,8.05,scattered clouds
543,Dali,CN,25.7,100.1833,56.35,58,34,0.94,scattered clouds
544,Khandyga,RU,62.6667,135.6,-33.0,98,72,1.48,broken clouds
545,Severnyy,RU,50.677,36.5532,30.24,93,100,11.18,heavy snow
546,Ulaanbaatar,MN,47.9077,106.8832,6.93,72,100,2.24,overcast clouds
547,Oranjestad,AW,12.524,-70.027,80.91,85,20,10.36,few clouds
548,Nemuro,JP,43.3236,145.575,40.55,55,24,6.02,few clouds
549,Jumla,NP,29.2747,82.1838,45.37,27,0,4.61,clear sky
550,Dahanu,IN,19.9667,72.7333,68.43,42,77,6.33,broken clouds
551,Kabanjahe,ID,3.1001,98.4908,68.61,78,100,4.52,overcast clouds
552,Amga,RU,60.8953,131.9608,-14.35,97,100,1.03,overcast clouds
553,Ivybridge,GB,50.3904,-3.9191,52.27,93,100,21.56,overcast clouds
554,Cockburn Town,TC,21.4612,-71.1419,81.37,77,15,23.8,light rain
555,Chara,RU,56.9064,118.2631,-5.8,82,58,0.78,broken clouds
556,Pangody,RU,65.85,74.4859,-16.76,99,100,5.95,overcast clouds
557,Innisfail,AU,-17.5333,146.0333,87.44,55,74,9.86,broken clouds
558,Kariba,ZW,-16.5167,28.8,72.86,71,100,2.82,overcast clouds
559,Monroe,US,43.1501,-77.6831,41.54,68,75,9.22,broken clouds
560,Lingao,CN,19.9103,109.6859,78.8,85,86,8.79,overcast clouds
561,Quatre Cocos,MU,-20.2078,57.7625,76.08,82,10,5.77,clear sky
562,Mount Isa,AU,-20.7333,139.5,89.37,13,14,10.36,few clouds
563,Keningau,MY,5.3378,116.1602,85.23,65,67,1.21,broken clouds
564,Lodwar,KE,3.1191,35.5973,81.68,55,95,15.84,overcast clouds
565,Marawi,PH,7.9986,124.2928,80.26,68,100,3.06,overcast clouds
566,Amapa,BR,1.0,-52.0,72.05,98,100,3.71,overcast clouds
567,Sakakah,SA,29.9697,40.2064,65.77,50,100,5.28,overcast clouds
568,Mabaruma,GY,8.2,-59.7833,72.99,99,49,2.82,scattered clouds
569,Parabel,RU,58.6978,81.4825,-7.17,93,100,15.88,overcast clouds
570,Cabra,ES,37.4725,-4.4421,56.16,93,95,7.0,overcast clouds
571,Georgiyevskoye,RU,58.731,45.024,21.76,54,100,9.48,light snow
572,Janoshalma,HU,46.2986,19.3258,45.95,74,100,16.62,light rain
573,Edd,ER,13.9297,41.6925,81.52,48,0,16.53,clear sky
574,Asyut,EG,27.181,31.1837,61.25,61,0,7.76,clear sky
575,Windsor,CA,42.3001,-83.0165,42.89,68,0,9.22,clear sky
576,Manbij,SY,36.5281,37.9549,53.55,71,0,8.23,clear sky
577,Planaltina,BR,-15.4528,-47.6142,65.77,88,100,1.9,overcast clouds
578,Tsabong,BW,-26.0217,22.401,71.89,45,0,13.06,clear sky
579,Opuwo,NA,-18.0607,13.84,73.15,48,100,4.05,overcast clouds
580,Nantucket,US,41.2835,-70.0995,50.11,69,0,17.27,clear sky
581,Brezoi,RO,45.338,24.2486,41.22,94,100,1.01,overcast clouds
582,Churapcha,RU,62.0025,132.4325,-18.18,96,100,0.4,overcast clouds
583,Emerald,AU,-23.5333,148.1667,85.33,25,60,6.26,broken clouds
584,Berlevag,NO,70.8578,29.0864,28.4,86,34,8.05,scattered clouds
585,Nouadhibou,MR,20.931,-17.0347,69.78,60,0,16.11,clear sky
586,Whitehorse,CA,60.7161,-135.0538,30.97,86,75,12.66,broken clouds
587,Guarapari,BR,-20.6667,-40.4975,72.9,92,100,7.02,overcast clouds
588,Missao Velha,BR,-7.2497,-39.1431,79.29,65,20,0.0,few clouds
589,Bataipora,BR,-22.2953,-53.2711,71.1,90,84,2.68,broken clouds
590,Waddan,LY,29.1614,16.139,55.26,26,11,7.54,few clouds
591,Mecca,SA,21.4267,39.8261,75.94,72,2,1.45,clear sky
592,Qesarya,IL,32.5189,34.9046,60.35,74,1,5.48,clear sky
593,Sakaraha,MG,-22.9,44.5333,66.9,61,0,4.27,clear sky
594,Derzhavinsk,KZ,51.1,66.3167,7.32,96,70,5.12,broken clouds
595,La Ronge,CA,55.1001,-105.2842,30.42,86,20,5.75,few clouds
596,Aloleng,PH,16.1307,119.7824,85.26,66,97,9.04,overcast clouds
597,Vardo,NO,70.3705,31.1107,31.98,93,75,6.91,broken clouds
598,San Quintin,MX,30.4833,-115.95,61.57,62,59,6.67,broken clouds
599,Tateyama,JP,34.9833,139.8667,57.13,94,75,9.22,light intensity shower rain
600,Alta Floresta,BR,-9.8756,-56.0861,70.95,95,78,1.19,broken clouds
601,Coahuayana,MX,18.7333,-103.6833,75.81,85,5,1.43,clear sky
602,Strathpeffer,GB,57.588,-4.5382,36.16,94,91,2.59,overcast clouds
603,Asau,RO,46.4333,26.4,34.72,89,100,2.46,overcast clouds
604,Hovd,MN,48.0056,91.6419,23.23,48,100,9.24,overcast clouds
605,Omsukchan,RU,62.5333,155.8,-9.47,98,100,10.63,light snow
606,Darnah,LY,32.767,22.6367,62.01,63,59,15.75,broken clouds
607,Alofi,NU,-19.0595,-169.9187,82.29,65,40,11.5,scattered clouds
608,Bay City,US,43.5945,-83.8889,34.99,82,75,6.91,broken clouds
609,Coevorden,NL,52.661,6.7405,47.05,90,100,15.1,overcast clouds
610,Orange,US,33.7,-117.7675,66.65,41,0,0.0,clear sky
611,Najran,SA,17.4924,44.1277,54.25,52,0,2.04,clear sky
612,Dalian,CN,38.9122,121.6022,53.53,66,40,15.66,scattered clouds
613,Kangaatsiaq,GL,68.3065,-53.4641,23.47,83,100,5.61,overcast clouds
614,Gaoual,GN,11.75,-13.2,70.57,38,92,2.33,overcast clouds
615,Boyolangu,ID,-8.1181,111.8935,81.5,75,100,5.12,light rain
616,Amahai,ID,-3.3333,128.9167,87.69,63,75,3.65,broken clouds
617,Balkanabat,TM,39.5108,54.3671,63.61,28,100,4.83,overcast clouds
618,Xinye,CN,32.5186,112.3522,57.11,66,7,2.21,clear sky
619,Pattaya,TH,12.9333,100.8833,86.5,72,100,9.82,overcast clouds
620,Maragogi,BR,-9.0122,-35.2225,75.43,81,15,8.52,few clouds
621,Tornio,FI,65.8481,24.1466,6.82,89,37,5.61,scattered clouds
622,Laredo,US,27.5064,-99.5075,52.09,100,100,3.44,mist
623,Margate,GB,51.3813,1.3862,41.7,92,7,1.99,clear sky
624,Babynino,RU,54.39,35.73,31.75,98,100,4.83,overcast clouds
625,Craig,US,40.5153,-107.5464,31.62,73,0,0.0,clear sky
626,Hastings,GB,50.8552,0.5729,47.79,92,32,12.33,scattered clouds
627,Yanam,IN,16.7333,82.2167,77.76,87,96,7.7,overcast clouds
628,Tecoanapa,MX,16.5167,-98.75,79.14,78,0,4.12,clear sky
629,Linjiang,CN,41.8069,126.9078,41.97,69,99,1.45,overcast clouds
630,Wanning,CN,18.8003,110.3967,80.62,83,20,3.4,few clouds
631,Marovoay,MG,-16.1,46.6333,75.88,83,0,2.01,clear sky
632,Manakara,MG,-22.1333,48.0167,71.55,89,71,3.96,light rain
633,Nome,US,64.5011,-165.4064,21.27,86,100,0.0,overcast clouds
634,Yantal,RU,56.8471,105.2542,11.62,81,100,5.37,overcast clouds
635,Itoman,JP,26.1247,127.6694,73.42,96,75,8.05,mist
636,Mier,MX,26.4333,-99.15,52.05,91,100,3.15,overcast clouds
637,Kathmandu,NP,27.7167,85.3167,50.22,87,20,2.3,mist
638,Karasjok,NO,69.4719,25.5112,15.12,100,100,4.74,overcast clouds
639,Benidorm,ES,38.5382,-0.131,69.42,67,87,18.3,overcast clouds
640,Sucua,EC,-2.4667,-78.1667,69.93,99,100,2.44,moderate rain
641,Contamana,PE,-7.3333,-75.0167,72.84,96,100,1.79,overcast clouds
642,Gigmoto,PH,13.7796,124.39,82.26,84,100,8.86,overcast clouds
643,Lake City,US,30.1897,-82.6393,62.65,82,100,5.75,overcast clouds
644,Brae,GB,60.3964,-1.353,46.67,86,100,34.25,light rain
645,Susanville,US,40.4163,-120.653,33.8,80,0,3.44,clear sky
646,Paoua,CF,7.2427,16.4406,67.6,36,5,3.56,clear sky
647,Barstow,US,34.8986,-117.0228,52.79,18,0,1.66,clear sky
648,Bijar,IR,35.8668,47.6051,42.53,32,100,5.3,overcast clouds
649,Victoria Point,AU,-27.5833,153.3,82.9,28,100,4.0,overcast clouds
650,Kharitonovo,RU,61.4009,47.4978,12.27,97,99,4.85,overcast clouds
651,Wum,CM,6.3833,10.0667,63.97,54,0,3.94,clear sky
652,Turan,VN,16.0678,108.2208,80.58,89,75,3.44,broken clouds
653,Nang Rong,TH,14.6377,102.7914,73.94,95,100,6.82,overcast clouds
654,Shu,KZ,43.5983,73.7614,41.72,94,100,3.02,overcast clouds
655,Panama City,PA,8.9936,-79.5197,79.38,87,75,4.61,broken clouds
656,Ilabaya,PE,-17.4208,-70.5133,64.4,70,100,1.12,overcast clouds
657,Saint George,US,37.1041,-113.5841,47.79,33,0,3.44,clear sky
658,Gongzhuling,CN,43.5008,124.8198,36.95,43,94,5.64,overcast clouds
659,Biloela,AU,-24.4167,150.5,81.32,20,81,6.04,broken clouds
660,Gunjur,GM,13.2019,-16.7339,68.07,88,0,9.22,clear sky
661,Aksu,CN,41.1231,80.2644,34.05,30,99,2.28,overcast clouds
662,Sorada,IN,19.75,84.4333,73.0,73,84,1.86,broken clouds
663,High Level,CA,58.5169,-117.136,32.11,93,0,6.91,clear sky
664,Manzanillo,CU,20.3433,-77.1167,76.89,84,100,9.66,overcast clouds
665,Arraias,BR,-12.9288,-46.9437,69.01,81,93,2.8,overcast clouds
666,Neuruppin,DE,52.9282,12.8031,34.99,96,100,6.38,overcast clouds
667,Lishui,CN,28.4604,119.9103,62.76,86,100,4.38,overcast clouds
668,Yantzaza,EC,-3.8278,-78.7594,67.44,96,98,0.87,light rain
669,Agadez,NE,19.75,10.25,62.73,22,100,11.23,overcast clouds
670,Miramar,US,25.9873,-80.2323,78.01,88,0,0.0,clear sky
671,Panzhihua,CN,26.5851,101.7128,60.26,61,38,1.1,scattered clouds
672,Aksarka,RU,66.5606,67.7975,0.41,91,100,12.53,overcast clouds
673,Voznesenskaya,RU,44.5527,41.0318,44.62,87,49,9.95,scattered clouds
674,Kuldiga,LV,56.974,21.9572,29.89,84,54,3.76,broken clouds
675,Gorom-Gorom,BF,14.4439,-0.2361,75.07,16,100,9.51,overcast clouds
676,Valparaiso,CL,-33.0393,-71.6273,55.04,94,0,3.44,clear sky
677,Manzhouli,CN,49.6,117.4333,6.35,79,9,1.52,clear sky
678,Bijie,CN,27.3125,105.2942,52.97,87,99,2.15,overcast clouds
679,Bowen,AU,-20.0167,148.2333,82.33,76,99,14.83,light rain
680,Vikhorevka,RU,56.1201,101.1636,17.19,90,100,4.7,overcast clouds
681,Mezen,RU,65.8522,44.24,17.17,96,27,4.56,scattered clouds
